Layer,qname,Si detector,LEF,Die BL x,Die BL y,Die BR x,Die BR y,Die TR x,Die TR y,Die TL x,Die TL y,Active BL x,Active BL y,Active BR x,Active BR y,Active TR x,Active TR y,Active TL x,Active TL y
Y,QL-R3,L12-16-11,LEF-2-1,0.1,-85.1,113.1,-85.1,113.1,-5.099999999999994,0.1,-5.099999999999994,0.8056249999999999,-84.52,112.39437500000001,-84.52,112.39437500000001,-5.679999999999993,0.8056249999999999,-5.679999999999993
Y,QL-R3,L12-16-10,LEF-2-1,0.1,-165.25,113.1,-165.25,113.1,-85.25,0.1,-85.25,0.8056249999999999,-164.67,112.39437500000001,-164.67,112.39437500000001,-85.82999999999998,0.8056249999999999,-85.82999999999998
Y,QL-R3,L12-16-9,LEF-2-1,0.1,-245.4,113.1,-245.4,113.1,-165.4,0.1,-165.4,0.8056249999999999,-244.82,112.39437500000001,-244.82,112.39437500000001,-165.98,0.8056249999999999,-165.98
Y,QL-R3,L12-16-8,LEF-2-1,0.1,-325.55,113.1,-325.55,113.1,-245.55,0.1,-245.55,0.8056249999999999,-324.97,112.39437500000001,-324.97,112.39437500000001,-246.13000000000002,0.8056249999999999,-246.13000000000002
Y,QL-R3,L12-16-7,LEF-2-1,0.1,-405.70000000000005,113.1,-405.70000000000005,113.1,-325.70000000000005,0.1,-325.70000000000005,0.8056249999999999,-405.12000000000006,112.39437500000001,-405.12000000000006,112.39437500000001,-326.2800000000001,0.8056249999999999,-326.2800000000001
Y,QL-R3,L12-16-6,LEF-2-1,0.1,-485.85,113.1,-485.85,113.1,-405.85,0.1,-405.85,0.8056249999999999,-485.27000000000004,112.39437500000001,-485.27000000000004,112.39437500000001,-406.43000000000006,0.8056249999999999,-406.43000000000006
Y,QL-R3,L12-16-5,LEF-2-1,0.1,-566.0,113.1,-566.0,113.1,-486.0,0.1,-486.0,0.8056249999999999,-565.42,112.39437500000001,-565.42,112.39437500000001,-486.5799999999999,0.8056249999999999,-486.5799999999999
Y,QL-R3,L12-16-4,LEF-2-1,0.1,-646.1500000000001,113.1,-646.1500000000001,113.1,-566.1500000000001,0.1,-566.1500000000001,0.8056249999999999,-645.57,112.39437500000001,-645.57,112.39437500000001,-566.73,0.8056249999999999,-566.73
Y,QL-R3,L12-16-3,LEF-2-1,0.1,-726.3000000000001,113.1,-726.3000000000001,113.1,-646.3000000000001,0.1,-646.3000000000001,0.8056249999999999,-725.72,112.39437500000001,-725.72,112.39437500000001,-646.88,0.8056249999999999,-646.88
Y,QL-R3,L12-16-2,LEF-2-1,0.1,-806.45,113.1,-806.45,113.1,-726.45,0.1,-726.45,0.8056249999999999,-805.87,112.39437500000001,-805.87,112.39437500000001,-727.03,0.8056249999999999,-727.03
Y,QL-R3,L12-16-1,LEF-2-1,0.1,-886.6,113.1,-886.6,113.1,-806.6,0.1,-806.6,0.8056249999999999,-886.02,112.39437500000001,-886.02,112.39437500000001,-807.18,0.8056249999999999,-807.18
Y,QL-R3,L12-16-0,LEF-2-1,0.1,-966.7500000000001,113.1,-966.7500000000001,113.1,-886.7500000000001,0.1,-886.7500000000001,0.8056249999999999,-966.1700000000001,112.39437500000001,-966.1700000000001,112.39437500000001,-887.33,0.8056249999999999,-887.33
Y,QL-R3,L12-03-11,LEF-2-2,113.3,-80.1,226.3,-80.1,226.3,-0.09999999999999432,113.3,-0.09999999999999432,114.005625,-79.52,225.594375,-79.52,225.594375,-0.6799999999999926,114.005625,-0.6799999999999926
Y,QL-R3,L12-03-10,LEF-2-2,113.3,-160.25,226.3,-160.25,226.3,-80.25,113.3,-80.25,114.005625,-159.67,225.594375,-159.67,225.594375,-80.82999999999998,114.005625,-80.82999999999998
Y,QL-R3,L12-03-9,LEF-2-2,113.3,-240.4,226.3,-240.4,226.3,-160.4,113.3,-160.4,114.005625,-239.82,225.594375,-239.82,225.594375,-160.98,114.005625,-160.98
Y,QL-R3,L12-03-8,LEF-2-2,113.3,-320.55,226.3,-320.55,226.3,-240.55,113.3,-240.55,114.005625,-319.97,225.594375,-319.97,225.594375,-241.13000000000002,114.005625,-241.13000000000002
Y,QL-R3,L12-03-7,LEF-2-2,113.3,-400.70000000000005,226.3,-400.70000000000005,226.3,-320.70000000000005,113.3,-320.70000000000005,114.005625,-400.12000000000006,225.594375,-400.12000000000006,225.594375,-321.2800000000001,114.005625,-321.2800000000001
Y,QL-R3,L12-03-6,LEF-2-2,113.3,-480.85,226.3,-480.85,226.3,-400.85,113.3,-400.85,114.005625,-480.27000000000004,225.594375,-480.27000000000004,225.594375,-401.43000000000006,114.005625,-401.43000000000006
Y,QL-R3,L12-03-5,LEF-2-2,113.3,-561.0,226.3,-561.0,226.3,-481.0,113.3,-481.0,114.005625,-560.42,225.594375,-560.42,225.594375,-481.5799999999999,114.005625,-481.5799999999999
Y,QL-R3,L12-03-4,LEF-2-2,113.3,-641.1500000000001,226.3,-641.1500000000001,226.3,-561.1500000000001,113.3,-561.1500000000001,114.005625,-640.57,225.594375,-640.57,225.594375,-561.73,114.005625,-561.73
Y,QL-R3,L12-03-3,LEF-2-2,113.3,-721.3000000000001,226.3,-721.3000000000001,226.3,-641.3000000000001,113.3,-641.3000000000001,114.005625,-720.72,225.594375,-720.72,225.594375,-641.88,114.005625,-641.88
Y,QL-R3,L12-03-2,LEF-2-2,113.3,-801.45,226.3,-801.45,226.3,-721.45,113.3,-721.45,114.005625,-800.87,225.594375,-800.87,225.594375,-722.03,114.005625,-722.03
Y,QL-R3,L12-03-1,LEF-2-2,113.3,-881.6,226.3,-881.6,226.3,-801.6,113.3,-801.6,114.005625,-881.02,225.594375,-881.02,225.594375,-802.18,114.005625,-802.18
Y,QL-R3,L12-03-0,LEF-2-2,113.3,-961.7500000000001,226.3,-961.7500000000001,226.3,-881.7500000000001,113.3,-881.7500000000001,114.005625,-961.1700000000001,225.594375,-961.1700000000001,225.594375,-882.33,114.005625,-882.33
Y,QL-R3,L12-29-11,LEF-2-3,226.5,-80.1,339.5,-80.1,339.5,-0.09999999999999432,226.5,-0.09999999999999432,227.205625,-79.52,338.794375,-79.52,338.794375,-0.6799999999999926,227.205625,-0.6799999999999926
Y,QL-R3,L12-29-10,LEF-2-3,226.5,-160.25,339.5,-160.25,339.5,-80.25,226.5,-80.25,227.205625,-159.67,338.794375,-159.67,338.794375,-80.82999999999998,227.205625,-80.82999999999998
Y,QL-R3,L12-29-9,LEF-2-3,226.5,-240.4,339.5,-240.4,339.5,-160.4,226.5,-160.4,227.205625,-239.82,338.794375,-239.82,338.794375,-160.98,227.205625,-160.98
Y,QL-R3,L12-29-8,LEF-2-3,226.5,-320.55,339.5,-320.55,339.5,-240.55,226.5,-240.55,227.205625,-319.97,338.794375,-319.97,338.794375,-241.13000000000002,227.205625,-241.13000000000002
Y,QL-R3,L12-29-7,LEF-2-3,226.5,-400.70000000000005,339.5,-400.70000000000005,339.5,-320.70000000000005,226.5,-320.70000000000005,227.205625,-400.12000000000006,338.794375,-400.12000000000006,338.794375,-321.2800000000001,227.205625,-321.2800000000001
Y,QL-R3,L12-29-6,LEF-2-3,226.5,-480.85,339.5,-480.85,339.5,-400.85,226.5,-400.85,227.205625,-480.27000000000004,338.794375,-480.27000000000004,338.794375,-401.43000000000006,227.205625,-401.43000000000006
Y,QL-R3,L12-29-5,LEF-2-3,226.5,-561.0,339.5,-561.0,339.5,-481.0,226.5,-481.0,227.205625,-560.42,338.794375,-560.42,338.794375,-481.5799999999999,227.205625,-481.5799999999999
Y,QL-R3,L12-29-4,LEF-2-3,226.5,-641.1500000000001,339.5,-641.1500000000001,339.5,-561.1500000000001,226.5,-561.1500000000001,227.205625,-640.57,338.794375,-640.57,338.794375,-561.73,227.205625,-561.73
Y,QL-R3,L12-29-3,LEF-2-3,226.5,-721.3000000000001,339.5,-721.3000000000001,339.5,-641.3000000000001,226.5,-641.3000000000001,227.205625,-720.72,338.794375,-720.72,338.794375,-641.88,227.205625,-641.88
Y,QL-R3,L12-29-2,LEF-2-3,226.5,-801.45,339.5,-801.45,339.5,-721.45,226.5,-721.45,227.205625,-800.87,338.794375,-800.87,338.794375,-722.03,227.205625,-722.03
Y,QL-R3,L12-29-1,LEF-2-3,226.5,-881.6,339.5,-881.6,339.5,-801.6,226.5,-801.6,227.205625,-881.02,338.794375,-881.02,338.794375,-802.18,227.205625,-802.18
Y,QL-R3,L12-29-0,LEF-2-3,226.5,-961.7500000000001,339.5,-961.7500000000001,339.5,-881.7500000000001,226.5,-881.7500000000001,227.205625,-961.1700000000001,338.794375,-961.1700000000001,338.794375,-882.33,227.205625,-882.33
Y,QL-R3,L12-46-11,LEF-2-4,339.70000000000005,-80.1,452.70000000000005,-80.1,452.70000000000005,-0.09999999999999432,339.70000000000005,-0.09999999999999432,340.40562500000004,-79.52,451.99437500000005,-79.52,451.99437500000005,-0.6799999999999926,340.40562500000004,-0.6799999999999926
Y,QL-R3,L12-46-10,LEF-2-4,339.70000000000005,-160.25,452.70000000000005,-160.25,452.70000000000005,-80.25,339.70000000000005,-80.25,340.40562500000004,-159.67,451.99437500000005,-159.67,451.99437500000005,-80.82999999999998,340.40562500000004,-80.82999999999998
Y,QL-R3,L12-46-9,LEF-2-4,339.70000000000005,-240.4,452.70000000000005,-240.4,452.70000000000005,-160.4,339.70000000000005,-160.4,340.40562500000004,-239.82,451.99437500000005,-239.82,451.99437500000005,-160.98,340.40562500000004,-160.98
Y,QL-R3,L12-46-8,LEF-2-4,339.70000000000005,-320.55,452.70000000000005,-320.55,452.70000000000005,-240.55,339.70000000000005,-240.55,340.40562500000004,-319.97,451.99437500000005,-319.97,451.99437500000005,-241.13000000000002,340.40562500000004,-241.13000000000002
Y,QL-R3,L12-46-7,LEF-2-4,339.70000000000005,-400.70000000000005,452.70000000000005,-400.70000000000005,452.70000000000005,-320.70000000000005,339.70000000000005,-320.70000000000005,340.40562500000004,-400.12000000000006,451.99437500000005,-400.12000000000006,451.99437500000005,-321.2800000000001,340.40562500000004,-321.2800000000001
Y,QL-R3,L12-46-6,LEF-2-4,339.70000000000005,-480.85,452.70000000000005,-480.85,452.70000000000005,-400.85,339.70000000000005,-400.85,340.40562500000004,-480.27000000000004,451.99437500000005,-480.27000000000004,451.99437500000005,-401.43000000000006,340.40562500000004,-401.43000000000006
Y,QL-R3,L12-46-5,LEF-2-4,339.70000000000005,-561.0,452.70000000000005,-561.0,452.70000000000005,-481.0,339.70000000000005,-481.0,340.40562500000004,-560.42,451.99437500000005,-560.42,451.99437500000005,-481.5799999999999,340.40562500000004,-481.5799999999999
Y,QL-R3,L12-46-4,LEF-2-4,339.70000000000005,-641.1500000000001,452.70000000000005,-641.1500000000001,452.70000000000005,-561.1500000000001,339.70000000000005,-561.1500000000001,340.40562500000004,-640.57,451.99437500000005,-640.57,451.99437500000005,-561.73,340.40562500000004,-561.73
Y,QL-R3,L12-46-3,LEF-2-4,339.70000000000005,-721.3000000000001,452.70000000000005,-721.3000000000001,452.70000000000005,-641.3000000000001,339.70000000000005,-641.3000000000001,340.40562500000004,-720.72,451.99437500000005,-720.72,451.99437500000005,-641.88,340.40562500000004,-641.88
Y,QL-R3,L12-46-2,LEF-2-4,339.70000000000005,-801.45,452.70000000000005,-801.45,452.70000000000005,-721.45,339.70000000000005,-721.45,340.40562500000004,-800.87,451.99437500000005,-800.87,451.99437500000005,-722.03,340.40562500000004,-722.03
Y,QL-R3,L12-46-1,LEF-2-4,339.70000000000005,-881.6,452.70000000000005,-881.6,452.70000000000005,-801.6,339.70000000000005,-801.6,340.40562500000004,-881.02,451.99437500000005,-881.02,451.99437500000005,-802.18,340.40562500000004,-802.18
Y,QL-R3,L12-46-0,LEF-2-4,339.70000000000005,-961.7500000000001,452.70000000000005,-961.7500000000001,452.70000000000005,-881.7500000000001,339.70000000000005,-881.7500000000001,340.40562500000004,-961.1700000000001,451.99437500000005,-961.1700000000001,451.99437500000005,-882.33,340.40562500000004,-882.33
Y,QL-R3,L12-45-11,LEF-2-5,452.90000000000003,-80.1,565.9000000000001,-80.1,565.9000000000001,-0.09999999999999432,452.90000000000003,-0.09999999999999432,453.60562500000003,-79.52,565.194375,-79.52,565.194375,-0.6799999999999926,453.60562500000003,-0.6799999999999926
Y,QL-R3,L12-45-10,LEF-2-5,452.90000000000003,-160.25,565.9000000000001,-160.25,565.9000000000001,-80.25,452.90000000000003,-80.25,453.60562500000003,-159.67,565.194375,-159.67,565.194375,-80.82999999999998,453.60562500000003,-80.82999999999998
Y,QL-R3,L12-45-9,LEF-2-5,452.90000000000003,-240.4,565.9000000000001,-240.4,565.9000000000001,-160.4,452.90000000000003,-160.4,453.60562500000003,-239.82,565.194375,-239.82,565.194375,-160.98,453.60562500000003,-160.98
Y,QL-R3,L12-45-8,LEF-2-5,452.90000000000003,-320.55,565.9000000000001,-320.55,565.9000000000001,-240.55,452.90000000000003,-240.55,453.60562500000003,-319.97,565.194375,-319.97,565.194375,-241.13000000000002,453.60562500000003,-241.13000000000002
Y,QL-R3,L12-45-7,LEF-2-5,452.90000000000003,-400.70000000000005,565.9000000000001,-400.70000000000005,565.9000000000001,-320.70000000000005,452.90000000000003,-320.70000000000005,453.60562500000003,-400.12000000000006,565.194375,-400.12000000000006,565.194375,-321.2800000000001,453.60562500000003,-321.2800000000001
Y,QL-R3,L12-45-6,LEF-2-5,452.90000000000003,-480.85,565.9000000000001,-480.85,565.9000000000001,-400.85,452.90000000000003,-400.85,453.60562500000003,-480.27000000000004,565.194375,-480.27000000000004,565.194375,-401.43000000000006,453.60562500000003,-401.43000000000006
Y,QL-R3,L12-45-5,LEF-2-5,452.90000000000003,-561.0,565.9000000000001,-561.0,565.9000000000001,-481.0,452.90000000000003,-481.0,453.60562500000003,-560.42,565.194375,-560.42,565.194375,-481.5799999999999,453.60562500000003,-481.5799999999999
Y,QL-R3,L12-45-4,LEF-2-5,452.90000000000003,-641.1500000000001,565.9000000000001,-641.1500000000001,565.9000000000001,-561.1500000000001,452.90000000000003,-561.1500000000001,453.60562500000003,-640.57,565.194375,-640.57,565.194375,-561.73,453.60562500000003,-561.73
Y,QL-R3,L12-45-3,LEF-2-5,452.90000000000003,-721.3000000000001,565.9000000000001,-721.3000000000001,565.9000000000001,-641.3000000000001,452.90000000000003,-641.3000000000001,453.60562500000003,-720.72,565.194375,-720.72,565.194375,-641.88,453.60562500000003,-641.88
Y,QL-R3,L12-45-2,LEF-2-5,452.90000000000003,-801.45,565.9000000000001,-801.45,565.9000000000001,-721.45,452.90000000000003,-721.45,453.60562500000003,-800.87,565.194375,-800.87,565.194375,-722.03,453.60562500000003,-722.03
Y,QL-R3,L12-45-1,LEF-2-5,452.90000000000003,-881.6,565.9000000000001,-881.6,565.9000000000001,-801.6,452.90000000000003,-801.6,453.60562500000003,-881.02,565.194375,-881.02,565.194375,-802.18,453.60562500000003,-802.18
Y,QL-R3,L12-45-0,LEF-2-5,452.90000000000003,-961.7500000000001,565.9000000000001,-961.7500000000001,565.9000000000001,-881.7500000000001,452.90000000000003,-881.7500000000001,453.60562500000003,-961.1700000000001,565.194375,-961.1700000000001,565.194375,-882.33,453.60562500000003,-882.33
Y,QL-R3,L10-18-9,LEF-2-6,566.1,-80.1,679.1,-80.1,679.1,-0.09999999999999432,566.1,-0.09999999999999432,566.8056250000001,-79.52,678.3943750000001,-79.52,678.3943750000001,-0.6799999999999926,566.8056250000001,-0.6799999999999926
Y,QL-R3,L10-18-8,LEF-2-6,566.1,-160.25,679.1,-160.25,679.1,-80.25,566.1,-80.25,566.8056250000001,-159.67,678.3943750000001,-159.67,678.3943750000001,-80.82999999999998,566.8056250000001,-80.82999999999998
Y,QL-R3,L10-18-7,LEF-2-6,566.1,-240.4,679.1,-240.4,679.1,-160.4,566.1,-160.4,566.8056250000001,-239.82,678.3943750000001,-239.82,678.3943750000001,-160.98,566.8056250000001,-160.98
Y,QL-R3,L10-18-6,LEF-2-6,566.1,-320.55,679.1,-320.55,679.1,-240.55,566.1,-240.55,566.8056250000001,-319.97,678.3943750000001,-319.97,678.3943750000001,-241.13000000000002,566.8056250000001,-241.13000000000002
Y,QL-R3,L10-18-5,LEF-2-6,566.1,-400.70000000000005,679.1,-400.70000000000005,679.1,-320.70000000000005,566.1,-320.70000000000005,566.8056250000001,-400.12000000000006,678.3943750000001,-400.12000000000006,678.3943750000001,-321.2800000000001,566.8056250000001,-321.2800000000001
Y,QL-R3,L10-18-4,LEF-2-6,566.1,-480.85,679.1,-480.85,679.1,-400.85,566.1,-400.85,566.8056250000001,-480.27000000000004,678.3943750000001,-480.27000000000004,678.3943750000001,-401.43000000000006,566.8056250000001,-401.43000000000006
Y,QL-R3,L10-18-3,LEF-2-6,566.1,-561.0,679.1,-561.0,679.1,-481.0,566.1,-481.0,566.8056250000001,-560.42,678.3943750000001,-560.42,678.3943750000001,-481.5799999999999,566.8056250000001,-481.5799999999999
Y,QL-R3,L10-18-2,LEF-2-6,566.1,-641.1500000000001,679.1,-641.1500000000001,679.1,-561.1500000000001,566.1,-561.1500000000001,566.8056250000001,-640.57,678.3943750000001,-640.57,678.3943750000001,-561.73,566.8056250000001,-561.73
Y,QL-R3,L10-18-1,LEF-2-6,566.1,-721.3000000000001,679.1,-721.3000000000001,679.1,-641.3000000000001,566.1,-641.3000000000001,566.8056250000001,-720.72,678.3943750000001,-720.72,678.3943750000001,-641.88,566.8056250000001,-641.88
Y,QL-R3,L10-18-0,LEF-2-6,566.1,-801.45,679.1,-801.45,679.1,-721.45,566.1,-721.45,566.8056250000001,-800.87,678.3943750000001,-800.87,678.3943750000001,-722.03,566.8056250000001,-722.03
Y,QL-R3,L10-17-9,LEF-2-7,679.3000000000001,-80.1,792.3000000000001,-80.1,792.3000000000001,-0.09999999999999432,679.3000000000001,-0.09999999999999432,680.0056250000001,-79.52,791.5943750000001,-79.52,791.5943750000001,-0.6799999999999926,680.0056250000001,-0.6799999999999926
Y,QL-R3,L10-17-8,LEF-2-7,679.3000000000001,-160.25,792.3000000000001,-160.25,792.3000000000001,-80.25,679.3000000000001,-80.25,680.0056250000001,-159.67,791.5943750000001,-159.67,791.5943750000001,-80.82999999999998,680.0056250000001,-80.82999999999998
Y,QL-R3,L10-17-7,LEF-2-7,679.3000000000001,-240.4,792.3000000000001,-240.4,792.3000000000001,-160.4,679.3000000000001,-160.4,680.0056250000001,-239.82,791.5943750000001,-239.82,791.5943750000001,-160.98,680.0056250000001,-160.98
Y,QL-R3,L10-17-6,LEF-2-7,679.3000000000001,-320.55,792.3000000000001,-320.55,792.3000000000001,-240.55,679.3000000000001,-240.55,680.0056250000001,-319.97,791.5943750000001,-319.97,791.5943750000001,-241.13000000000002,680.0056250000001,-241.13000000000002
Y,QL-R3,L10-17-5,LEF-2-7,679.3000000000001,-400.70000000000005,792.3000000000001,-400.70000000000005,792.3000000000001,-320.70000000000005,679.3000000000001,-320.70000000000005,680.0056250000001,-400.12000000000006,791.5943750000001,-400.12000000000006,791.5943750000001,-321.2800000000001,680.0056250000001,-321.2800000000001
Y,QL-R3,L10-17-4,LEF-2-7,679.3000000000001,-480.85,792.3000000000001,-480.85,792.3000000000001,-400.85,679.3000000000001,-400.85,680.0056250000001,-480.27000000000004,791.5943750000001,-480.27000000000004,791.5943750000001,-401.43000000000006,680.0056250000001,-401.43000000000006
Y,QL-R3,L10-17-3,LEF-2-7,679.3000000000001,-561.0,792.3000000000001,-561.0,792.3000000000001,-481.0,679.3000000000001,-481.0,680.0056250000001,-560.42,791.5943750000001,-560.42,791.5943750000001,-481.5799999999999,680.0056250000001,-481.5799999999999
Y,QL-R3,L10-17-2,LEF-2-7,679.3000000000001,-641.1500000000001,792.3000000000001,-641.1500000000001,792.3000000000001,-561.1500000000001,679.3000000000001,-561.1500000000001,680.0056250000001,-640.57,791.5943750000001,-640.57,791.5943750000001,-561.73,680.0056250000001,-561.73
Y,QL-R3,L10-17-1,LEF-2-7,679.3000000000001,-721.3000000000001,792.3000000000001,-721.3000000000001,792.3000000000001,-641.3000000000001,679.3000000000001,-641.3000000000001,680.0056250000001,-720.72,791.5943750000001,-720.72,791.5943750000001,-641.88,680.0056250000001,-641.88
Y,QL-R3,L10-17-0,LEF-2-7,679.3000000000001,-801.45,792.3000000000001,-801.45,792.3000000000001,-721.45,679.3000000000001,-721.45,680.0056250000001,-800.87,791.5943750000001,-800.87,791.5943750000001,-722.03,680.0056250000001,-722.03
Y,QL-R3,L08-05-7,LEF-2-8,792.5,-80.1,905.5,-80.1,905.5,-0.09999999999999432,792.5,-0.09999999999999432,793.205625,-79.52,904.7943750000001,-79.52,904.7943750000001,-0.6799999999999926,793.205625,-0.6799999999999926
Y,QL-R3,L08-05-6,LEF-2-8,792.5,-160.25,905.5,-160.25,905.5,-80.25,792.5,-80.25,793.205625,-159.67,904.7943750000001,-159.67,904.7943750000001,-80.82999999999998,793.205625,-80.82999999999998
Y,QL-R3,L08-05-5,LEF-2-8,792.5,-240.4,905.5,-240.4,905.5,-160.4,792.5,-160.4,793.205625,-239.82,904.7943750000001,-239.82,904.7943750000001,-160.98,793.205625,-160.98
Y,QL-R3,L08-05-4,LEF-2-8,792.5,-320.55,905.5,-320.55,905.5,-240.55,792.5,-240.55,793.205625,-319.97,904.7943750000001,-319.97,904.7943750000001,-241.13000000000002,793.205625,-241.13000000000002
Y,QL-R3,L08-05-3,LEF-2-8,792.5,-400.70000000000005,905.5,-400.70000000000005,905.5,-320.70000000000005,792.5,-320.70000000000005,793.205625,-400.12000000000006,904.7943750000001,-400.12000000000006,904.7943750000001,-321.2800000000001,793.205625,-321.2800000000001
Y,QL-R3,L08-05-2,LEF-2-8,792.5,-480.85,905.5,-480.85,905.5,-400.85,792.5,-400.85,793.205625,-480.27000000000004,904.7943750000001,-480.27000000000004,904.7943750000001,-401.43000000000006,793.205625,-401.43000000000006
Y,QL-R3,L08-05-1,LEF-2-8,792.5,-561.0,905.5,-561.0,905.5,-481.0,792.5,-481.0,793.205625,-560.42,904.7943750000001,-560.42,904.7943750000001,-481.5799999999999,793.205625,-481.5799999999999
Y,QL-R3,L08-05-0,LEF-2-8,792.5,-641.1500000000001,905.5,-641.1500000000001,905.5,-561.1500000000001,792.5,-561.1500000000001,793.205625,-640.57,904.7943750000001,-640.57,904.7943750000001,-561.73,793.205625,-561.73
Y,QL-R3,L08-18-7,LEF-2-9,905.7,-80.1,1018.7,-80.1,1018.7,-0.09999999999999432,905.7,-0.09999999999999432,906.4056250000001,-79.52,1017.9943750000001,-79.52,1017.9943750000001,-0.6799999999999926,906.4056250000001,-0.6799999999999926
Y,QL-R3,L08-18-6,LEF-2-9,905.7,-160.25,1018.7,-160.25,1018.7,-80.25,905.7,-80.25,906.4056250000001,-159.67,1017.9943750000001,-159.67,1017.9943750000001,-80.82999999999998,906.4056250000001,-80.82999999999998
Y,QL-R3,L08-18-5,LEF-2-9,905.7,-240.4,1018.7,-240.4,1018.7,-160.4,905.7,-160.4,906.4056250000001,-239.82,1017.9943750000001,-239.82,1017.9943750000001,-160.98,906.4056250000001,-160.98
Y,QL-R3,L08-18-4,LEF-2-9,905.7,-320.55,1018.7,-320.55,1018.7,-240.55,905.7,-240.55,906.4056250000001,-319.97,1017.9943750000001,-319.97,1017.9943750000001,-241.13000000000002,906.4056250000001,-241.13000000000002
Y,QL-R3,L08-18-3,LEF-2-9,905.7,-400.70000000000005,1018.7,-400.70000000000005,1018.7,-320.70000000000005,905.7,-320.70000000000005,906.4056250000001,-400.12000000000006,1017.9943750000001,-400.12000000000006,1017.9943750000001,-321.2800000000001,906.4056250000001,-321.2800000000001
Y,QL-R3,L08-18-2,LEF-2-9,905.7,-480.85,1018.7,-480.85,1018.7,-400.85,905.7,-400.85,906.4056250000001,-480.27000000000004,1017.9943750000001,-480.27000000000004,1017.9943750000001,-401.43000000000006,906.4056250000001,-401.43000000000006
Y,QL-R3,L08-18-1,LEF-2-9,905.7,-561.0,1018.7,-561.0,1018.7,-481.0,905.7,-481.0,906.4056250000001,-560.42,1017.9943750000001,-560.42,1017.9943750000001,-481.5799999999999,906.4056250000001,-481.5799999999999
Y,QL-R3,L08-18-0,LEF-2-9,905.7,-641.1500000000001,1018.7,-641.1500000000001,1018.7,-561.1500000000001,905.7,-561.1500000000001,906.4056250000001,-640.57,1017.9943750000001,-640.57,1017.9943750000001,-561.73,906.4056250000001,-561.73
Y,QL-L2,L12-41-11,LEF-4-1,-113.1,-85.1,-0.09999999999999432,-85.1,-0.09999999999999432,-5.099999999999994,-113.1,-5.099999999999994,-112.394375,-84.52,-0.805624999999992,-84.52,-0.805624999999992,-5.679999999999993,-112.394375,-5.679999999999993
Y,QL-L2,L12-41-10,LEF-4-1,-113.1,-165.25,-0.09999999999999432,-165.25,-0.09999999999999432,-85.25,-113.1,-85.25,-112.394375,-164.67,-0.805624999999992,-164.67,-0.805624999999992,-85.82999999999998,-112.394375,-85.82999999999998
Y,QL-L2,L12-41-9,LEF-4-1,-113.1,-245.4,-0.09999999999999432,-245.4,-0.09999999999999432,-165.4,-113.1,-165.4,-112.394375,-244.82,-0.805624999999992,-244.82,-0.805624999999992,-165.98,-112.394375,-165.98
Y,QL-L2,L12-41-8,LEF-4-1,-113.1,-325.55,-0.09999999999999432,-325.55,-0.09999999999999432,-245.55,-113.1,-245.55,-112.394375,-324.97,-0.805624999999992,-324.97,-0.805624999999992,-246.13000000000002,-112.394375,-246.13000000000002
Y,QL-L2,L12-41-7,LEF-4-1,-113.1,-405.70000000000005,-0.09999999999999432,-405.70000000000005,-0.09999999999999432,-325.70000000000005,-113.1,-325.70000000000005,-112.394375,-405.12000000000006,-0.805624999999992,-405.12000000000006,-0.805624999999992,-326.2800000000001,-112.394375,-326.2800000000001
Y,QL-L2,L12-41-6,LEF-4-1,-113.1,-485.85,-0.09999999999999432,-485.85,-0.09999999999999432,-405.85,-113.1,-405.85,-112.394375,-485.27000000000004,-0.805624999999992,-485.27000000000004,-0.805624999999992,-406.43000000000006,-112.394375,-406.43000000000006
Y,QL-L2,L12-41-5,LEF-4-1,-113.1,-566.0,-0.09999999999999432,-566.0,-0.09999999999999432,-486.0,-113.1,-486.0,-112.394375,-565.42,-0.805624999999992,-565.42,-0.805624999999992,-486.5799999999999,-112.394375,-486.5799999999999
Y,QL-L2,L12-41-4,LEF-4-1,-113.1,-646.1500000000001,-0.09999999999999432,-646.1500000000001,-0.09999999999999432,-566.1500000000001,-113.1,-566.1500000000001,-112.394375,-645.57,-0.805624999999992,-645.57,-0.805624999999992,-566.73,-112.394375,-566.73
Y,QL-L2,L12-41-3,LEF-4-1,-113.1,-726.3000000000001,-0.09999999999999432,-726.3000000000001,-0.09999999999999432,-646.3000000000001,-113.1,-646.3000000000001,-112.394375,-725.72,-0.805624999999992,-725.72,-0.805624999999992,-646.88,-112.394375,-646.88
Y,QL-L2,L12-41-2,LEF-4-1,-113.1,-806.45,-0.09999999999999432,-806.45,-0.09999999999999432,-726.45,-113.1,-726.45,-112.394375,-805.87,-0.805624999999992,-805.87,-0.805624999999992,-727.03,-112.394375,-727.03
Y,QL-L2,L12-41-1,LEF-4-1,-113.1,-886.6,-0.09999999999999432,-886.6,-0.09999999999999432,-806.6,-113.1,-806.6,-112.394375,-886.02,-0.805624999999992,-886.02,-0.805624999999992,-807.18,-112.394375,-807.18
Y,QL-L2,L12-41-0,LEF-4-1,-113.1,-966.7500000000001,-0.09999999999999432,-966.7500000000001,-0.09999999999999432,-886.7500000000001,-113.1,-886.7500000000001,-112.394375,-966.1700000000001,-0.805624999999992,-966.1700000000001,-0.805624999999992,-887.33,-112.394375,-887.33
Y,QL-L2,L12-14-11,LEF-4-2,-226.3,-80.1,-113.30000000000001,-80.1,-113.30000000000001,-0.09999999999999432,-226.3,-0.09999999999999432,-225.594375,-79.52,-114.00562500000001,-79.52,-114.00562500000001,-0.6799999999999926,-225.594375,-0.6799999999999926
Y,QL-L2,L12-14-10,LEF-4-2,-226.3,-160.25,-113.30000000000001,-160.25,-113.30000000000001,-80.25,-226.3,-80.25,-225.594375,-159.67,-114.00562500000001,-159.67,-114.00562500000001,-80.82999999999998,-225.594375,-80.82999999999998
Y,QL-L2,L12-14-9,LEF-4-2,-226.3,-240.4,-113.30000000000001,-240.4,-113.30000000000001,-160.4,-226.3,-160.4,-225.594375,-239.82,-114.00562500000001,-239.82,-114.00562500000001,-160.98,-225.594375,-160.98
Y,QL-L2,L12-14-8,LEF-4-2,-226.3,-320.55,-113.30000000000001,-320.55,-113.30000000000001,-240.55,-226.3,-240.55,-225.594375,-319.97,-114.00562500000001,-319.97,-114.00562500000001,-241.13000000000002,-225.594375,-241.13000000000002
Y,QL-L2,L12-14-7,LEF-4-2,-226.3,-400.70000000000005,-113.30000000000001,-400.70000000000005,-113.30000000000001,-320.70000000000005,-226.3,-320.70000000000005,-225.594375,-400.12000000000006,-114.00562500000001,-400.12000000000006,-114.00562500000001,-321.2800000000001,-225.594375,-321.2800000000001
Y,QL-L2,L12-14-6,LEF-4-2,-226.3,-480.85,-113.30000000000001,-480.85,-113.30000000000001,-400.85,-226.3,-400.85,-225.594375,-480.27000000000004,-114.00562500000001,-480.27000000000004,-114.00562500000001,-401.43000000000006,-225.594375,-401.43000000000006
Y,QL-L2,L12-14-5,LEF-4-2,-226.3,-561.0,-113.30000000000001,-561.0,-113.30000000000001,-481.0,-226.3,-481.0,-225.594375,-560.42,-114.00562500000001,-560.42,-114.00562500000001,-481.5799999999999,-225.594375,-481.5799999999999
Y,QL-L2,L12-14-4,LEF-4-2,-226.3,-641.1500000000001,-113.30000000000001,-641.1500000000001,-113.30000000000001,-561.1500000000001,-226.3,-561.1500000000001,-225.594375,-640.57,-114.00562500000001,-640.57,-114.00562500000001,-561.73,-225.594375,-561.73
Y,QL-L2,L12-14-3,LEF-4-2,-226.3,-721.3000000000001,-113.30000000000001,-721.3000000000001,-113.30000000000001,-641.3000000000001,-226.3,-641.3000000000001,-225.594375,-720.72,-114.00562500000001,-720.72,-114.00562500000001,-641.88,-225.594375,-641.88
Y,QL-L2,L12-14-2,LEF-4-2,-226.3,-801.45,-113.30000000000001,-801.45,-113.30000000000001,-721.45,-226.3,-721.45,-225.594375,-800.87,-114.00562500000001,-800.87,-114.00562500000001,-722.03,-225.594375,-722.03
Y,QL-L2,L12-14-1,LEF-4-2,-226.3,-881.6,-113.30000000000001,-881.6,-113.30000000000001,-801.6,-226.3,-801.6,-225.594375,-881.02,-114.00562500000001,-881.02,-114.00562500000001,-802.18,-225.594375,-802.18
Y,QL-L2,L12-14-0,LEF-4-2,-226.3,-961.7500000000001,-113.30000000000001,-961.7500000000001,-113.30000000000001,-881.7500000000001,-226.3,-881.7500000000001,-225.594375,-961.1700000000001,-114.00562500000001,-961.1700000000001,-114.00562500000001,-882.33,-225.594375,-882.33
Y,QL-L2,L12-24-11,LEF-4-3,-339.5,-80.1,-226.5,-80.1,-226.5,-0.09999999999999432,-339.5,-0.09999999999999432,-338.794375,-79.52,-227.205625,-79.52,-227.205625,-0.6799999999999926,-338.794375,-0.6799999999999926
Y,QL-L2,L12-24-10,LEF-4-3,-339.5,-160.25,-226.5,-160.25,-226.5,-80.25,-339.5,-80.25,-338.794375,-159.67,-227.205625,-159.67,-227.205625,-80.82999999999998,-338.794375,-80.82999999999998
Y,QL-L2,L12-24-9,LEF-4-3,-339.5,-240.4,-226.5,-240.4,-226.5,-160.4,-339.5,-160.4,-338.794375,-239.82,-227.205625,-239.82,-227.205625,-160.98,-338.794375,-160.98
Y,QL-L2,L12-24-8,LEF-4-3,-339.5,-320.55,-226.5,-320.55,-226.5,-240.55,-339.5,-240.55,-338.794375,-319.97,-227.205625,-319.97,-227.205625,-241.13000000000002,-338.794375,-241.13000000000002
Y,QL-L2,L12-24-7,LEF-4-3,-339.5,-400.70000000000005,-226.5,-400.70000000000005,-226.5,-320.70000000000005,-339.5,-320.70000000000005,-338.794375,-400.12000000000006,-227.205625,-400.12000000000006,-227.205625,-321.2800000000001,-338.794375,-321.2800000000001
Y,QL-L2,L12-24-6,LEF-4-3,-339.5,-480.85,-226.5,-480.85,-226.5,-400.85,-339.5,-400.85,-338.794375,-480.27000000000004,-227.205625,-480.27000000000004,-227.205625,-401.43000000000006,-338.794375,-401.43000000000006
Y,QL-L2,L12-24-5,LEF-4-3,-339.5,-561.0,-226.5,-561.0,-226.5,-481.0,-339.5,-481.0,-338.794375,-560.42,-227.205625,-560.42,-227.205625,-481.5799999999999,-338.794375,-481.5799999999999
Y,QL-L2,L12-24-4,LEF-4-3,-339.5,-641.1500000000001,-226.5,-641.1500000000001,-226.5,-561.1500000000001,-339.5,-561.1500000000001,-338.794375,-640.57,-227.205625,-640.57,-227.205625,-561.73,-338.794375,-561.73
Y,QL-L2,L12-24-3,LEF-4-3,-339.5,-721.3000000000001,-226.5,-721.3000000000001,-226.5,-641.3000000000001,-339.5,-641.3000000000001,-338.794375,-720.72,-227.205625,-720.72,-227.205625,-641.88,-338.794375,-641.88
Y,QL-L2,L12-24-2,LEF-4-3,-339.5,-801.45,-226.5,-801.45,-226.5,-721.45,-339.5,-721.45,-338.794375,-800.87,-227.205625,-800.87,-227.205625,-722.03,-338.794375,-722.03
Y,QL-L2,L12-24-1,LEF-4-3,-339.5,-881.6,-226.5,-881.6,-226.5,-801.6,-339.5,-801.6,-338.794375,-881.02,-227.205625,-881.02,-227.205625,-802.18,-338.794375,-802.18
Y,QL-L2,L12-24-0,LEF-4-3,-339.5,-961.7500000000001,-226.5,-961.7500000000001,-226.5,-881.7500000000001,-339.5,-881.7500000000001,-338.794375,-961.1700000000001,-227.205625,-961.1700000000001,-227.205625,-882.33,-338.794375,-882.33
Y,QL-L2,L12-18-11,LEF-4-4,-452.70000000000005,-80.1,-339.70000000000005,-80.1,-339.70000000000005,-0.09999999999999432,-452.70000000000005,-0.09999999999999432,-451.99437500000005,-79.52,-340.40562500000004,-79.52,-340.40562500000004,-0.6799999999999926,-451.99437500000005,-0.6799999999999926
Y,QL-L2,L12-18-10,LEF-4-4,-452.70000000000005,-160.25,-339.70000000000005,-160.25,-339.70000000000005,-80.25,-452.70000000000005,-80.25,-451.99437500000005,-159.67,-340.40562500000004,-159.67,-340.40562500000004,-80.82999999999998,-451.99437500000005,-80.82999999999998
Y,QL-L2,L12-18-9,LEF-4-4,-452.70000000000005,-240.4,-339.70000000000005,-240.4,-339.70000000000005,-160.4,-452.70000000000005,-160.4,-451.99437500000005,-239.82,-340.40562500000004,-239.82,-340.40562500000004,-160.98,-451.99437500000005,-160.98
Y,QL-L2,L12-18-8,LEF-4-4,-452.70000000000005,-320.55,-339.70000000000005,-320.55,-339.70000000000005,-240.55,-452.70000000000005,-240.55,-451.99437500000005,-319.97,-340.40562500000004,-319.97,-340.40562500000004,-241.13000000000002,-451.99437500000005,-241.13000000000002
Y,QL-L2,L12-18-7,LEF-4-4,-452.70000000000005,-400.70000000000005,-339.70000000000005,-400.70000000000005,-339.70000000000005,-320.70000000000005,-452.70000000000005,-320.70000000000005,-451.99437500000005,-400.12000000000006,-340.40562500000004,-400.12000000000006,-340.40562500000004,-321.2800000000001,-451.99437500000005,-321.2800000000001
Y,QL-L2,L12-18-6,LEF-4-4,-452.70000000000005,-480.85,-339.70000000000005,-480.85,-339.70000000000005,-400.85,-452.70000000000005,-400.85,-451.99437500000005,-480.27000000000004,-340.40562500000004,-480.27000000000004,-340.40562500000004,-401.43000000000006,-451.99437500000005,-401.43000000000006
Y,QL-L2,L12-18-5,LEF-4-4,-452.70000000000005,-561.0,-339.70000000000005,-561.0,-339.70000000000005,-481.0,-452.70000000000005,-481.0,-451.99437500000005,-560.42,-340.40562500000004,-560.42,-340.40562500000004,-481.5799999999999,-451.99437500000005,-481.5799999999999
Y,QL-L2,L12-18-4,LEF-4-4,-452.70000000000005,-641.1500000000001,-339.70000000000005,-641.1500000000001,-339.70000000000005,-561.1500000000001,-452.70000000000005,-561.1500000000001,-451.99437500000005,-640.57,-340.40562500000004,-640.57,-340.40562500000004,-561.73,-451.99437500000005,-561.73
Y,QL-L2,L12-18-3,LEF-4-4,-452.70000000000005,-721.3000000000001,-339.70000000000005,-721.3000000000001,-339.70000000000005,-641.3000000000001,-452.70000000000005,-641.3000000000001,-451.99437500000005,-720.72,-340.40562500000004,-720.72,-340.40562500000004,-641.88,-451.99437500000005,-641.88
Y,QL-L2,L12-18-2,LEF-4-4,-452.70000000000005,-801.45,-339.70000000000005,-801.45,-339.70000000000005,-721.45,-452.70000000000005,-721.45,-451.99437500000005,-800.87,-340.40562500000004,-800.87,-340.40562500000004,-722.03,-451.99437500000005,-722.03
Y,QL-L2,L12-18-1,LEF-4-4,-452.70000000000005,-881.6,-339.70000000000005,-881.6,-339.70000000000005,-801.6,-452.70000000000005,-801.6,-451.99437500000005,-881.02,-340.40562500000004,-881.02,-340.40562500000004,-802.18,-451.99437500000005,-802.18
Y,QL-L2,L12-18-0,LEF-4-4,-452.70000000000005,-961.7500000000001,-339.70000000000005,-961.7500000000001,-339.70000000000005,-881.7500000000001,-452.70000000000005,-881.7500000000001,-451.99437500000005,-961.1700000000001,-340.40562500000004,-961.1700000000001,-340.40562500000004,-882.33,-451.99437500000005,-882.33
Y,QL-L2,L12-06-11,LEF-4-5,-565.9000000000001,-80.1,-452.9000000000001,-80.1,-452.9000000000001,-0.09999999999999432,-565.9000000000001,-0.09999999999999432,-565.194375,-79.52,-453.60562500000003,-79.52,-453.60562500000003,-0.6799999999999926,-565.194375,-0.6799999999999926
Y,QL-L2,L12-06-10,LEF-4-5,-565.9000000000001,-160.25,-452.9000000000001,-160.25,-452.9000000000001,-80.25,-565.9000000000001,-80.25,-565.194375,-159.67,-453.60562500000003,-159.67,-453.60562500000003,-80.82999999999998,-565.194375,-80.82999999999998
Y,QL-L2,L12-06-9,LEF-4-5,-565.9000000000001,-240.4,-452.9000000000001,-240.4,-452.9000000000001,-160.4,-565.9000000000001,-160.4,-565.194375,-239.82,-453.60562500000003,-239.82,-453.60562500000003,-160.98,-565.194375,-160.98
Y,QL-L2,L12-06-8,LEF-4-5,-565.9000000000001,-320.55,-452.9000000000001,-320.55,-452.9000000000001,-240.55,-565.9000000000001,-240.55,-565.194375,-319.97,-453.60562500000003,-319.97,-453.60562500000003,-241.13000000000002,-565.194375,-241.13000000000002
Y,QL-L2,L12-06-7,LEF-4-5,-565.9000000000001,-400.70000000000005,-452.9000000000001,-400.70000000000005,-452.9000000000001,-320.70000000000005,-565.9000000000001,-320.70000000000005,-565.194375,-400.12000000000006,-453.60562500000003,-400.12000000000006,-453.60562500000003,-321.2800000000001,-565.194375,-321.2800000000001
Y,QL-L2,L12-06-6,LEF-4-5,-565.9000000000001,-480.85,-452.9000000000001,-480.85,-452.9000000000001,-400.85,-565.9000000000001,-400.85,-565.194375,-480.27000000000004,-453.60562500000003,-480.27000000000004,-453.60562500000003,-401.43000000000006,-565.194375,-401.43000000000006
Y,QL-L2,L12-06-5,LEF-4-5,-565.9000000000001,-561.0,-452.9000000000001,-561.0,-452.9000000000001,-481.0,-565.9000000000001,-481.0,-565.194375,-560.42,-453.60562500000003,-560.42,-453.60562500000003,-481.5799999999999,-565.194375,-481.5799999999999
Y,QL-L2,L12-06-4,LEF-4-5,-565.9000000000001,-641.1500000000001,-452.9000000000001,-641.1500000000001,-452.9000000000001,-561.1500000000001,-565.9000000000001,-561.1500000000001,-565.194375,-640.57,-453.60562500000003,-640.57,-453.60562500000003,-561.73,-565.194375,-561.73
Y,QL-L2,L12-06-3,LEF-4-5,-565.9000000000001,-721.3000000000001,-452.9000000000001,-721.3000000000001,-452.9000000000001,-641.3000000000001,-565.9000000000001,-641.3000000000001,-565.194375,-720.72,-453.60562500000003,-720.72,-453.60562500000003,-641.88,-565.194375,-641.88
Y,QL-L2,L12-06-2,LEF-4-5,-565.9000000000001,-801.45,-452.9000000000001,-801.45,-452.9000000000001,-721.45,-565.9000000000001,-721.45,-565.194375,-800.87,-453.60562500000003,-800.87,-453.60562500000003,-722.03,-565.194375,-722.03
Y,QL-L2,L12-06-1,LEF-4-5,-565.9000000000001,-881.6,-452.9000000000001,-881.6,-452.9000000000001,-801.6,-565.9000000000001,-801.6,-565.194375,-881.02,-453.60562500000003,-881.02,-453.60562500000003,-802.18,-565.194375,-802.18
Y,QL-L2,L12-06-0,LEF-4-5,-565.9000000000001,-961.7500000000001,-452.9000000000001,-961.7500000000001,-452.9000000000001,-881.7500000000001,-565.9000000000001,-881.7500000000001,-565.194375,-961.1700000000001,-453.60562500000003,-961.1700000000001,-453.60562500000003,-882.33,-565.194375,-882.33
Y,QL-L2,L10-03-9,LEF-4-6,-679.1,-80.1,-566.1,-80.1,-566.1,-0.09999999999999432,-679.1,-0.09999999999999432,-678.394375,-79.52,-566.805625,-79.52,-566.805625,-0.6799999999999926,-678.394375,-0.6799999999999926
Y,QL-L2,L10-03-8,LEF-4-6,-679.1,-160.25,-566.1,-160.25,-566.1,-80.25,-679.1,-80.25,-678.394375,-159.67,-566.805625,-159.67,-566.805625,-80.82999999999998,-678.394375,-80.82999999999998
Y,QL-L2,L10-03-7,LEF-4-6,-679.1,-240.4,-566.1,-240.4,-566.1,-160.4,-679.1,-160.4,-678.394375,-239.82,-566.805625,-239.82,-566.805625,-160.98,-678.394375,-160.98
Y,QL-L2,L10-03-6,LEF-4-6,-679.1,-320.55,-566.1,-320.55,-566.1,-240.55,-679.1,-240.55,-678.394375,-319.97,-566.805625,-319.97,-566.805625,-241.13000000000002,-678.394375,-241.13000000000002
Y,QL-L2,L10-03-5,LEF-4-6,-679.1,-400.70000000000005,-566.1,-400.70000000000005,-566.1,-320.70000000000005,-679.1,-320.70000000000005,-678.394375,-400.12000000000006,-566.805625,-400.12000000000006,-566.805625,-321.2800000000001,-678.394375,-321.2800000000001
Y,QL-L2,L10-03-4,LEF-4-6,-679.1,-480.85,-566.1,-480.85,-566.1,-400.85,-679.1,-400.85,-678.394375,-480.27000000000004,-566.805625,-480.27000000000004,-566.805625,-401.43000000000006,-678.394375,-401.43000000000006
Y,QL-L2,L10-03-3,LEF-4-6,-679.1,-561.0,-566.1,-561.0,-566.1,-481.0,-679.1,-481.0,-678.394375,-560.42,-566.805625,-560.42,-566.805625,-481.5799999999999,-678.394375,-481.5799999999999
Y,QL-L2,L10-03-2,LEF-4-6,-679.1,-641.1500000000001,-566.1,-641.1500000000001,-566.1,-561.1500000000001,-679.1,-561.1500000000001,-678.394375,-640.57,-566.805625,-640.57,-566.805625,-561.73,-678.394375,-561.73
Y,QL-L2,L10-03-1,LEF-4-6,-679.1,-721.3000000000001,-566.1,-721.3000000000001,-566.1,-641.3000000000001,-679.1,-641.3000000000001,-678.394375,-720.72,-566.805625,-720.72,-566.805625,-641.88,-678.394375,-641.88
Y,QL-L2,L10-03-0,LEF-4-6,-679.1,-801.45,-566.1,-801.45,-566.1,-721.45,-679.1,-721.45,-678.394375,-800.87,-566.805625,-800.87,-566.805625,-722.03,-678.394375,-722.03
Y,QL-L2,L10-14-9,LEF-4-7,-792.3000000000001,-80.1,-679.3000000000001,-80.1,-679.3000000000001,-0.09999999999999432,-792.3000000000001,-0.09999999999999432,-791.594375,-79.52,-680.005625,-79.52,-680.005625,-0.6799999999999926,-791.594375,-0.6799999999999926
Y,QL-L2,L10-14-8,LEF-4-7,-792.3000000000001,-160.25,-679.3000000000001,-160.25,-679.3000000000001,-80.25,-792.3000000000001,-80.25,-791.594375,-159.67,-680.005625,-159.67,-680.005625,-80.82999999999998,-791.594375,-80.82999999999998
Y,QL-L2,L10-14-7,LEF-4-7,-792.3000000000001,-240.4,-679.3000000000001,-240.4,-679.3000000000001,-160.4,-792.3000000000001,-160.4,-791.594375,-239.82,-680.005625,-239.82,-680.005625,-160.98,-791.594375,-160.98
Y,QL-L2,L10-14-6,LEF-4-7,-792.3000000000001,-320.55,-679.3000000000001,-320.55,-679.3000000000001,-240.55,-792.3000000000001,-240.55,-791.594375,-319.97,-680.005625,-319.97,-680.005625,-241.13000000000002,-791.594375,-241.13000000000002
Y,QL-L2,L10-14-5,LEF-4-7,-792.3000000000001,-400.70000000000005,-679.3000000000001,-400.70000000000005,-679.3000000000001,-320.70000000000005,-792.3000000000001,-320.70000000000005,-791.594375,-400.12000000000006,-680.005625,-400.12000000000006,-680.005625,-321.2800000000001,-791.594375,-321.2800000000001
Y,QL-L2,L10-14-4,LEF-4-7,-792.3000000000001,-480.85,-679.3000000000001,-480.85,-679.3000000000001,-400.85,-792.3000000000001,-400.85,-791.594375,-480.27000000000004,-680.005625,-480.27000000000004,-680.005625,-401.43000000000006,-791.594375,-401.43000000000006
Y,QL-L2,L10-14-3,LEF-4-7,-792.3000000000001,-561.0,-679.3000000000001,-561.0,-679.3000000000001,-481.0,-792.3000000000001,-481.0,-791.594375,-560.42,-680.005625,-560.42,-680.005625,-481.5799999999999,-791.594375,-481.5799999999999
Y,QL-L2,L10-14-2,LEF-4-7,-792.3000000000001,-641.1500000000001,-679.3000000000001,-641.1500000000001,-679.3000000000001,-561.1500000000001,-792.3000000000001,-561.1500000000001,-791.594375,-640.57,-680.005625,-640.57,-680.005625,-561.73,-791.594375,-561.73
Y,QL-L2,L10-14-1,LEF-4-7,-792.3000000000001,-721.3000000000001,-679.3000000000001,-721.3000000000001,-679.3000000000001,-641.3000000000001,-792.3000000000001,-641.3000000000001,-791.594375,-720.72,-680.005625,-720.72,-680.005625,-641.88,-791.594375,-641.88
Y,QL-L2,L10-14-0,LEF-4-7,-792.3000000000001,-801.45,-679.3000000000001,-801.45,-679.3000000000001,-721.45,-792.3000000000001,-721.45,-791.594375,-800.87,-680.005625,-800.87,-680.005625,-722.03,-791.594375,-722.03
Y,QL-L2,L08-10-7,LEF-4-8,-905.5,-80.1,-792.5,-80.1,-792.5,-0.09999999999999432,-905.5,-0.09999999999999432,-904.794375,-79.52,-793.2056249999999,-79.52,-793.2056249999999,-0.6799999999999926,-904.794375,-0.6799999999999926
Y,QL-L2,L08-10-6,LEF-4-8,-905.5,-160.25,-792.5,-160.25,-792.5,-80.25,-905.5,-80.25,-904.794375,-159.67,-793.2056249999999,-159.67,-793.2056249999999,-80.82999999999998,-904.794375,-80.82999999999998
Y,QL-L2,L08-10-5,LEF-4-8,-905.5,-240.4,-792.5,-240.4,-792.5,-160.4,-905.5,-160.4,-904.794375,-239.82,-793.2056249999999,-239.82,-793.2056249999999,-160.98,-904.794375,-160.98
Y,QL-L2,L08-10-4,LEF-4-8,-905.5,-320.55,-792.5,-320.55,-792.5,-240.55,-905.5,-240.55,-904.794375,-319.97,-793.2056249999999,-319.97,-793.2056249999999,-241.13000000000002,-904.794375,-241.13000000000002
Y,QL-L2,L08-10-3,LEF-4-8,-905.5,-400.70000000000005,-792.5,-400.70000000000005,-792.5,-320.70000000000005,-905.5,-320.70000000000005,-904.794375,-400.12000000000006,-793.2056249999999,-400.12000000000006,-793.2056249999999,-321.2800000000001,-904.794375,-321.2800000000001
Y,QL-L2,L08-10-2,LEF-4-8,-905.5,-480.85,-792.5,-480.85,-792.5,-400.85,-905.5,-400.85,-904.794375,-480.27000000000004,-793.2056249999999,-480.27000000000004,-793.2056249999999,-401.43000000000006,-904.794375,-401.43000000000006
Y,QL-L2,L08-10-1,LEF-4-8,-905.5,-561.0,-792.5,-561.0,-792.5,-481.0,-905.5,-481.0,-904.794375,-560.42,-793.2056249999999,-560.42,-793.2056249999999,-481.5799999999999,-904.794375,-481.5799999999999
Y,QL-L2,L08-10-0,LEF-4-8,-905.5,-641.1500000000001,-792.5,-641.1500000000001,-792.5,-561.1500000000001,-905.5,-561.1500000000001,-904.794375,-640.57,-793.2056249999999,-640.57,-793.2056249999999,-561.73,-904.794375,-561.73
Y,QL-L2,L08-13-7,LEF-4-9,-1018.7,-80.1,-905.7,-80.1,-905.7,-0.09999999999999432,-1018.7,-0.09999999999999432,-1017.994375,-79.52,-906.405625,-79.52,-906.405625,-0.6799999999999926,-1017.994375,-0.6799999999999926
Y,QL-L2,L08-13-6,LEF-4-9,-1018.7,-160.25,-905.7,-160.25,-905.7,-80.25,-1018.7,-80.25,-1017.994375,-159.67,-906.405625,-159.67,-906.405625,-80.82999999999998,-1017.994375,-80.82999999999998
Y,QL-L2,L08-13-5,LEF-4-9,-1018.7,-240.4,-905.7,-240.4,-905.7,-160.4,-1018.7,-160.4,-1017.994375,-239.82,-906.405625,-239.82,-906.405625,-160.98,-1017.994375,-160.98
Y,QL-L2,L08-13-4,LEF-4-9,-1018.7,-320.55,-905.7,-320.55,-905.7,-240.55,-1018.7,-240.55,-1017.994375,-319.97,-906.405625,-319.97,-906.405625,-241.13000000000002,-1017.994375,-241.13000000000002
Y,QL-L2,L08-13-3,LEF-4-9,-1018.7,-400.70000000000005,-905.7,-400.70000000000005,-905.7,-320.70000000000005,-1018.7,-320.70000000000005,-1017.994375,-400.12000000000006,-906.405625,-400.12000000000006,-906.405625,-321.2800000000001,-1017.994375,-321.2800000000001
Y,QL-L2,L08-13-2,LEF-4-9,-1018.7,-480.85,-905.7,-480.85,-905.7,-400.85,-1018.7,-400.85,-1017.994375,-480.27000000000004,-906.405625,-480.27000000000004,-906.405625,-401.43000000000006,-1017.994375,-401.43000000000006
Y,QL-L2,L08-13-1,LEF-4-9,-1018.7,-561.0,-905.7,-561.0,-905.7,-481.0,-1018.7,-481.0,-1017.994375,-560.42,-906.405625,-560.42,-906.405625,-481.5799999999999,-1017.994375,-481.5799999999999
Y,QL-L2,L08-13-0,LEF-4-9,-1018.7,-641.1500000000001,-905.7,-641.1500000000001,-905.7,-561.1500000000001,-1018.7,-561.1500000000001,-1017.994375,-640.57,-906.405625,-640.57,-906.405625,-561.73,-1017.994375,-561.73
Y,QL-R4,L12-01-11,LEF-6-1,-113.1,5.1,-0.09999999999999432,5.1,-0.09999999999999432,85.1,-113.1,85.1,-112.394375,5.68,-0.805624999999992,5.68,-0.805624999999992,84.52000000000001,-112.394375,84.52000000000001
Y,QL-R4,L12-01-10,LEF-6-1,-113.1,85.25,-0.09999999999999432,85.25,-0.09999999999999432,165.25,-113.1,165.25,-112.394375,85.83,-0.805624999999992,85.83,-0.805624999999992,164.67000000000002,-112.394375,164.67000000000002
Y,QL-R4,L12-01-9,LEF-6-1,-113.1,165.4,-0.09999999999999432,165.4,-0.09999999999999432,245.4,-113.1,245.4,-112.394375,165.98000000000002,-0.805624999999992,165.98000000000002,-0.805624999999992,244.82000000000002,-112.394375,244.82000000000002
Y,QL-R4,L12-01-8,LEF-6-1,-113.1,245.55,-0.09999999999999432,245.55,-0.09999999999999432,325.55,-113.1,325.55,-112.394375,246.13000000000002,-0.805624999999992,246.13000000000002,-0.805624999999992,324.97,-112.394375,324.97
Y,QL-R4,L12-01-7,LEF-6-1,-113.1,325.70000000000005,-0.09999999999999432,325.70000000000005,-0.09999999999999432,405.70000000000005,-113.1,405.70000000000005,-112.394375,326.28000000000003,-0.805624999999992,326.28000000000003,-0.805624999999992,405.12,-112.394375,405.12
Y,QL-R4,L12-01-6,LEF-6-1,-113.1,405.85,-0.09999999999999432,405.85,-0.09999999999999432,485.85,-113.1,485.85,-112.394375,406.43,-0.805624999999992,406.43,-0.805624999999992,485.27,-112.394375,485.27
Y,QL-R4,L12-01-5,LEF-6-1,-113.1,486.00000000000006,-0.09999999999999432,486.00000000000006,-0.09999999999999432,566.0,-113.1,566.0,-112.394375,486.58000000000004,-0.805624999999992,486.58000000000004,-0.805624999999992,565.4200000000001,-112.394375,565.4200000000001
Y,QL-R4,L12-01-4,LEF-6-1,-113.1,566.1500000000001,-0.09999999999999432,566.1500000000001,-0.09999999999999432,646.1500000000001,-113.1,646.1500000000001,-112.394375,566.7300000000001,-0.805624999999992,566.7300000000001,-0.805624999999992,645.5700000000002,-112.394375,645.5700000000002
Y,QL-R4,L12-01-3,LEF-6-1,-113.1,646.3000000000001,-0.09999999999999432,646.3000000000001,-0.09999999999999432,726.3000000000001,-113.1,726.3000000000001,-112.394375,646.8800000000001,-0.805624999999992,646.8800000000001,-0.805624999999992,725.7200000000001,-112.394375,725.7200000000001
Y,QL-R4,L12-01-2,LEF-6-1,-113.1,726.45,-0.09999999999999432,726.45,-0.09999999999999432,806.45,-113.1,806.45,-112.394375,727.0300000000001,-0.805624999999992,727.0300000000001,-0.805624999999992,805.8700000000001,-112.394375,805.8700000000001
Y,QL-R4,L12-01-1,LEF-6-1,-113.1,806.6,-0.09999999999999432,806.6,-0.09999999999999432,886.6,-113.1,886.6,-112.394375,807.1800000000001,-0.805624999999992,807.1800000000001,-0.805624999999992,886.0200000000001,-112.394375,886.0200000000001
Y,QL-R4,L12-01-0,LEF-6-1,-113.1,886.7500000000001,-0.09999999999999432,886.7500000000001,-0.09999999999999432,966.7500000000001,-113.1,966.7500000000001,-112.394375,887.3300000000002,-0.805624999999992,887.3300000000002,-0.805624999999992,966.1700000000002,-112.394375,966.1700000000002
Y,QL-R4,L12-28-11,LEF-6-2,-226.3,0.1,-113.30000000000001,0.1,-113.30000000000001,80.1,-226.3,80.1,-225.594375,0.6799999999999999,-114.00562500000001,0.6799999999999999,-114.00562500000001,79.52000000000001,-225.594375,79.52000000000001
Y,QL-R4,L12-28-10,LEF-6-2,-226.3,80.25,-113.30000000000001,80.25,-113.30000000000001,160.25,-226.3,160.25,-225.594375,80.83,-114.00562500000001,80.83,-114.00562500000001,159.67000000000002,-225.594375,159.67000000000002
Y,QL-R4,L12-28-9,LEF-6-2,-226.3,160.4,-113.30000000000001,160.4,-113.30000000000001,240.4,-226.3,240.4,-225.594375,160.98000000000002,-114.00562500000001,160.98000000000002,-114.00562500000001,239.82000000000002,-225.594375,239.82000000000002
Y,QL-R4,L12-28-8,LEF-6-2,-226.3,240.55,-113.30000000000001,240.55,-113.30000000000001,320.55,-226.3,320.55,-225.594375,241.13000000000002,-114.00562500000001,241.13000000000002,-114.00562500000001,319.97,-225.594375,319.97
Y,QL-R4,L12-28-7,LEF-6-2,-226.3,320.70000000000005,-113.30000000000001,320.70000000000005,-113.30000000000001,400.70000000000005,-226.3,400.70000000000005,-225.594375,321.28000000000003,-114.00562500000001,321.28000000000003,-114.00562500000001,400.12,-225.594375,400.12
Y,QL-R4,L12-28-6,LEF-6-2,-226.3,400.85,-113.30000000000001,400.85,-113.30000000000001,480.85,-226.3,480.85,-225.594375,401.43,-114.00562500000001,401.43,-114.00562500000001,480.27,-225.594375,480.27
Y,QL-R4,L12-28-5,LEF-6-2,-226.3,481.00000000000006,-113.30000000000001,481.00000000000006,-113.30000000000001,561.0,-226.3,561.0,-225.594375,481.58000000000004,-114.00562500000001,481.58000000000004,-114.00562500000001,560.4200000000001,-225.594375,560.4200000000001
Y,QL-R4,L12-28-4,LEF-6-2,-226.3,561.1500000000001,-113.30000000000001,561.1500000000001,-113.30000000000001,641.1500000000001,-226.3,641.1500000000001,-225.594375,561.7300000000001,-114.00562500000001,561.7300000000001,-114.00562500000001,640.5700000000002,-225.594375,640.5700000000002
Y,QL-R4,L12-28-3,LEF-6-2,-226.3,641.3000000000001,-113.30000000000001,641.3000000000001,-113.30000000000001,721.3000000000001,-226.3,721.3000000000001,-225.594375,641.8800000000001,-114.00562500000001,641.8800000000001,-114.00562500000001,720.7200000000001,-225.594375,720.7200000000001
Y,QL-R4,L12-28-2,LEF-6-2,-226.3,721.45,-113.30000000000001,721.45,-113.30000000000001,801.45,-226.3,801.45,-225.594375,722.0300000000001,-114.00562500000001,722.0300000000001,-114.00562500000001,800.8700000000001,-225.594375,800.8700000000001
Y,QL-R4,L12-28-1,LEF-6-2,-226.3,801.6,-113.30000000000001,801.6,-113.30000000000001,881.6,-226.3,881.6,-225.594375,802.1800000000001,-114.00562500000001,802.1800000000001,-114.00562500000001,881.0200000000001,-225.594375,881.0200000000001
Y,QL-R4,L12-28-0,LEF-6-2,-226.3,881.7500000000001,-113.30000000000001,881.7500000000001,-113.30000000000001,961.7500000000001,-226.3,961.7500000000001,-225.594375,882.3300000000002,-114.00562500000001,882.3300000000002,-114.00562500000001,961.1700000000002,-225.594375,961.1700000000002
Y,QL-R4,L12-08-11,LEF-6-3,-339.5,0.1,-226.5,0.1,-226.5,80.1,-339.5,80.1,-338.794375,0.6799999999999999,-227.205625,0.6799999999999999,-227.205625,79.52000000000001,-338.794375,79.52000000000001
Y,QL-R4,L12-08-10,LEF-6-3,-339.5,80.25,-226.5,80.25,-226.5,160.25,-339.5,160.25,-338.794375,80.83,-227.205625,80.83,-227.205625,159.67000000000002,-338.794375,159.67000000000002
Y,QL-R4,L12-08-9,LEF-6-3,-339.5,160.4,-226.5,160.4,-226.5,240.4,-339.5,240.4,-338.794375,160.98000000000002,-227.205625,160.98000000000002,-227.205625,239.82000000000002,-338.794375,239.82000000000002
Y,QL-R4,L12-08-8,LEF-6-3,-339.5,240.55,-226.5,240.55,-226.5,320.55,-339.5,320.55,-338.794375,241.13000000000002,-227.205625,241.13000000000002,-227.205625,319.97,-338.794375,319.97
Y,QL-R4,L12-08-7,LEF-6-3,-339.5,320.70000000000005,-226.5,320.70000000000005,-226.5,400.70000000000005,-339.5,400.70000000000005,-338.794375,321.28000000000003,-227.205625,321.28000000000003,-227.205625,400.12,-338.794375,400.12
Y,QL-R4,L12-08-6,LEF-6-3,-339.5,400.85,-226.5,400.85,-226.5,480.85,-339.5,480.85,-338.794375,401.43,-227.205625,401.43,-227.205625,480.27,-338.794375,480.27
Y,QL-R4,L12-08-5,LEF-6-3,-339.5,481.00000000000006,-226.5,481.00000000000006,-226.5,561.0,-339.5,561.0,-338.794375,481.58000000000004,-227.205625,481.58000000000004,-227.205625,560.4200000000001,-338.794375,560.4200000000001
Y,QL-R4,L12-08-4,LEF-6-3,-339.5,561.1500000000001,-226.5,561.1500000000001,-226.5,641.1500000000001,-339.5,641.1500000000001,-338.794375,561.7300000000001,-227.205625,561.7300000000001,-227.205625,640.5700000000002,-338.794375,640.5700000000002
Y,QL-R4,L12-08-3,LEF-6-3,-339.5,641.3000000000001,-226.5,641.3000000000001,-226.5,721.3000000000001,-339.5,721.3000000000001,-338.794375,641.8800000000001,-227.205625,641.8800000000001,-227.205625,720.7200000000001,-338.794375,720.7200000000001
Y,QL-R4,L12-08-2,LEF-6-3,-339.5,721.45,-226.5,721.45,-226.5,801.45,-339.5,801.45,-338.794375,722.0300000000001,-227.205625,722.0300000000001,-227.205625,800.8700000000001,-338.794375,800.8700000000001
Y,QL-R4,L12-08-1,LEF-6-3,-339.5,801.6,-226.5,801.6,-226.5,881.6,-339.5,881.6,-338.794375,802.1800000000001,-227.205625,802.1800000000001,-227.205625,881.0200000000001,-338.794375,881.0200000000001
Y,QL-R4,L12-08-0,LEF-6-3,-339.5,881.7500000000001,-226.5,881.7500000000001,-226.5,961.7500000000001,-339.5,961.7500000000001,-338.794375,882.3300000000002,-227.205625,882.3300000000002,-227.205625,961.1700000000002,-338.794375,961.1700000000002
Y,QL-R4,L12-11-11,LEF-6-4,-452.70000000000005,0.1,-339.70000000000005,0.1,-339.70000000000005,80.1,-452.70000000000005,80.1,-451.99437500000005,0.6799999999999999,-340.40562500000004,0.6799999999999999,-340.40562500000004,79.52000000000001,-451.99437500000005,79.52000000000001
Y,QL-R4,L12-11-10,LEF-6-4,-452.70000000000005,80.25,-339.70000000000005,80.25,-339.70000000000005,160.25,-452.70000000000005,160.25,-451.99437500000005,80.83,-340.40562500000004,80.83,-340.40562500000004,159.67000000000002,-451.99437500000005,159.67000000000002
Y,QL-R4,L12-11-9,LEF-6-4,-452.70000000000005,160.4,-339.70000000000005,160.4,-339.70000000000005,240.4,-452.70000000000005,240.4,-451.99437500000005,160.98000000000002,-340.40562500000004,160.98000000000002,-340.40562500000004,239.82000000000002,-451.99437500000005,239.82000000000002
Y,QL-R4,L12-11-8,LEF-6-4,-452.70000000000005,240.55,-339.70000000000005,240.55,-339.70000000000005,320.55,-452.70000000000005,320.55,-451.99437500000005,241.13000000000002,-340.40562500000004,241.13000000000002,-340.40562500000004,319.97,-451.99437500000005,319.97
Y,QL-R4,L12-11-7,LEF-6-4,-452.70000000000005,320.70000000000005,-339.70000000000005,320.70000000000005,-339.70000000000005,400.70000000000005,-452.70000000000005,400.70000000000005,-451.99437500000005,321.28000000000003,-340.40562500000004,321.28000000000003,-340.40562500000004,400.12,-451.99437500000005,400.12
Y,QL-R4,L12-11-6,LEF-6-4,-452.70000000000005,400.85,-339.70000000000005,400.85,-339.70000000000005,480.85,-452.70000000000005,480.85,-451.99437500000005,401.43,-340.40562500000004,401.43,-340.40562500000004,480.27,-451.99437500000005,480.27
Y,QL-R4,L12-11-5,LEF-6-4,-452.70000000000005,481.00000000000006,-339.70000000000005,481.00000000000006,-339.70000000000005,561.0,-452.70000000000005,561.0,-451.99437500000005,481.58000000000004,-340.40562500000004,481.58000000000004,-340.40562500000004,560.4200000000001,-451.99437500000005,560.4200000000001
Y,QL-R4,L12-11-4,LEF-6-4,-452.70000000000005,561.1500000000001,-339.70000000000005,561.1500000000001,-339.70000000000005,641.1500000000001,-452.70000000000005,641.1500000000001,-451.99437500000005,561.7300000000001,-340.40562500000004,561.7300000000001,-340.40562500000004,640.5700000000002,-451.99437500000005,640.5700000000002
Y,QL-R4,L12-11-3,LEF-6-4,-452.70000000000005,641.3000000000001,-339.70000000000005,641.3000000000001,-339.70000000000005,721.3000000000001,-452.70000000000005,721.3000000000001,-451.99437500000005,641.8800000000001,-340.40562500000004,641.8800000000001,-340.40562500000004,720.7200000000001,-451.99437500000005,720.7200000000001
Y,QL-R4,L12-11-2,LEF-6-4,-452.70000000000005,721.45,-339.70000000000005,721.45,-339.70000000000005,801.45,-452.70000000000005,801.45,-451.99437500000005,722.0300000000001,-340.40562500000004,722.0300000000001,-340.40562500000004,800.8700000000001,-451.99437500000005,800.8700000000001
Y,QL-R4,L12-11-1,LEF-6-4,-452.70000000000005,801.6,-339.70000000000005,801.6,-339.70000000000005,881.6,-452.70000000000005,881.6,-451.99437500000005,802.1800000000001,-340.40562500000004,802.1800000000001,-340.40562500000004,881.0200000000001,-451.99437500000005,881.0200000000001
Y,QL-R4,L12-11-0,LEF-6-4,-452.70000000000005,881.7500000000001,-339.70000000000005,881.7500000000001,-339.70000000000005,961.7500000000001,-452.70000000000005,961.7500000000001,-451.99437500000005,882.3300000000002,-340.40562500000004,882.3300000000002,-340.40562500000004,961.1700000000002,-451.99437500000005,961.1700000000002
Y,QL-R4,L12-25-11,LEF-6-5,-565.9000000000001,0.1,-452.9000000000001,0.1,-452.9000000000001,80.1,-565.9000000000001,80.1,-565.194375,0.6799999999999999,-453.60562500000003,0.6799999999999999,-453.60562500000003,79.52000000000001,-565.194375,79.52000000000001
Y,QL-R4,L12-25-10,LEF-6-5,-565.9000000000001,80.25,-452.9000000000001,80.25,-452.9000000000001,160.25,-565.9000000000001,160.25,-565.194375,80.83,-453.60562500000003,80.83,-453.60562500000003,159.67000000000002,-565.194375,159.67000000000002
Y,QL-R4,L12-25-9,LEF-6-5,-565.9000000000001,160.4,-452.9000000000001,160.4,-452.9000000000001,240.4,-565.9000000000001,240.4,-565.194375,160.98000000000002,-453.60562500000003,160.98000000000002,-453.60562500000003,239.82000000000002,-565.194375,239.82000000000002
Y,QL-R4,L12-25-8,LEF-6-5,-565.9000000000001,240.55,-452.9000000000001,240.55,-452.9000000000001,320.55,-565.9000000000001,320.55,-565.194375,241.13000000000002,-453.60562500000003,241.13000000000002,-453.60562500000003,319.97,-565.194375,319.97
Y,QL-R4,L12-25-7,LEF-6-5,-565.9000000000001,320.70000000000005,-452.9000000000001,320.70000000000005,-452.9000000000001,400.70000000000005,-565.9000000000001,400.70000000000005,-565.194375,321.28000000000003,-453.60562500000003,321.28000000000003,-453.60562500000003,400.12,-565.194375,400.12
Y,QL-R4,L12-25-6,LEF-6-5,-565.9000000000001,400.85,-452.9000000000001,400.85,-452.9000000000001,480.85,-565.9000000000001,480.85,-565.194375,401.43,-453.60562500000003,401.43,-453.60562500000003,480.27,-565.194375,480.27
Y,QL-R4,L12-25-5,LEF-6-5,-565.9000000000001,481.00000000000006,-452.9000000000001,481.00000000000006,-452.9000000000001,561.0,-565.9000000000001,561.0,-565.194375,481.58000000000004,-453.60562500000003,481.58000000000004,-453.60562500000003,560.4200000000001,-565.194375,560.4200000000001
Y,QL-R4,L12-25-4,LEF-6-5,-565.9000000000001,561.1500000000001,-452.9000000000001,561.1500000000001,-452.9000000000001,641.1500000000001,-565.9000000000001,641.1500000000001,-565.194375,561.7300000000001,-453.60562500000003,561.7300000000001,-453.60562500000003,640.5700000000002,-565.194375,640.5700000000002
Y,QL-R4,L12-25-3,LEF-6-5,-565.9000000000001,641.3000000000001,-452.9000000000001,641.3000000000001,-452.9000000000001,721.3000000000001,-565.9000000000001,721.3000000000001,-565.194375,641.8800000000001,-453.60562500000003,641.8800000000001,-453.60562500000003,720.7200000000001,-565.194375,720.7200000000001
Y,QL-R4,L12-25-2,LEF-6-5,-565.9000000000001,721.45,-452.9000000000001,721.45,-452.9000000000001,801.45,-565.9000000000001,801.45,-565.194375,722.0300000000001,-453.60562500000003,722.0300000000001,-453.60562500000003,800.8700000000001,-565.194375,800.8700000000001
Y,QL-R4,L12-25-1,LEF-6-5,-565.9000000000001,801.6,-452.9000000000001,801.6,-452.9000000000001,881.6,-565.9000000000001,881.6,-565.194375,802.1800000000001,-453.60562500000003,802.1800000000001,-453.60562500000003,881.0200000000001,-565.194375,881.0200000000001
Y,QL-R4,L12-25-0,LEF-6-5,-565.9000000000001,881.7500000000001,-452.9000000000001,881.7500000000001,-452.9000000000001,961.7500000000001,-565.9000000000001,961.7500000000001,-565.194375,882.3300000000002,-453.60562500000003,882.3300000000002,-453.60562500000003,961.1700000000002,-565.194375,961.1700000000002
Y,QL-R4,L10-15-9,LEF-6-6,-679.1,0.1,-566.1,0.1,-566.1,80.1,-679.1,80.1,-678.394375,0.6799999999999999,-566.805625,0.6799999999999999,-566.805625,79.52000000000001,-678.394375,79.52000000000001
Y,QL-R4,L10-15-8,LEF-6-6,-679.1,80.25,-566.1,80.25,-566.1,160.25,-679.1,160.25,-678.394375,80.83,-566.805625,80.83,-566.805625,159.67000000000002,-678.394375,159.67000000000002
Y,QL-R4,L10-15-7,LEF-6-6,-679.1,160.4,-566.1,160.4,-566.1,240.4,-679.1,240.4,-678.394375,160.98000000000002,-566.805625,160.98000000000002,-566.805625,239.82000000000002,-678.394375,239.82000000000002
Y,QL-R4,L10-15-6,LEF-6-6,-679.1,240.55,-566.1,240.55,-566.1,320.55,-679.1,320.55,-678.394375,241.13000000000002,-566.805625,241.13000000000002,-566.805625,319.97,-678.394375,319.97
Y,QL-R4,L10-15-5,LEF-6-6,-679.1,320.70000000000005,-566.1,320.70000000000005,-566.1,400.70000000000005,-679.1,400.70000000000005,-678.394375,321.28000000000003,-566.805625,321.28000000000003,-566.805625,400.12,-678.394375,400.12
Y,QL-R4,L10-15-4,LEF-6-6,-679.1,400.85,-566.1,400.85,-566.1,480.85,-679.1,480.85,-678.394375,401.43,-566.805625,401.43,-566.805625,480.27,-678.394375,480.27
Y,QL-R4,L10-15-3,LEF-6-6,-679.1,481.00000000000006,-566.1,481.00000000000006,-566.1,561.0,-679.1,561.0,-678.394375,481.58000000000004,-566.805625,481.58000000000004,-566.805625,560.4200000000001,-678.394375,560.4200000000001
Y,QL-R4,L10-15-2,LEF-6-6,-679.1,561.1500000000001,-566.1,561.1500000000001,-566.1,641.1500000000001,-679.1,641.1500000000001,-678.394375,561.7300000000001,-566.805625,561.7300000000001,-566.805625,640.5700000000002,-678.394375,640.5700000000002
Y,QL-R4,L10-15-1,LEF-6-6,-679.1,641.3000000000001,-566.1,641.3000000000001,-566.1,721.3000000000001,-679.1,721.3000000000001,-678.394375,641.8800000000001,-566.805625,641.8800000000001,-566.805625,720.7200000000001,-678.394375,720.7200000000001
Y,QL-R4,L10-15-0,LEF-6-6,-679.1,721.45,-566.1,721.45,-566.1,801.45,-679.1,801.45,-678.394375,722.0300000000001,-566.805625,722.0300000000001,-566.805625,800.8700000000001,-678.394375,800.8700000000001
Y,QL-R4,L10-02-9,LEF-6-7,-792.3000000000001,0.1,-679.3000000000001,0.1,-679.3000000000001,80.1,-792.3000000000001,80.1,-791.594375,0.6799999999999999,-680.005625,0.6799999999999999,-680.005625,79.52000000000001,-791.594375,79.52000000000001
Y,QL-R4,L10-02-8,LEF-6-7,-792.3000000000001,80.25,-679.3000000000001,80.25,-679.3000000000001,160.25,-792.3000000000001,160.25,-791.594375,80.83,-680.005625,80.83,-680.005625,159.67000000000002,-791.594375,159.67000000000002
Y,QL-R4,L10-02-7,LEF-6-7,-792.3000000000001,160.4,-679.3000000000001,160.4,-679.3000000000001,240.4,-792.3000000000001,240.4,-791.594375,160.98000000000002,-680.005625,160.98000000000002,-680.005625,239.82000000000002,-791.594375,239.82000000000002
Y,QL-R4,L10-02-6,LEF-6-7,-792.3000000000001,240.55,-679.3000000000001,240.55,-679.3000000000001,320.55,-792.3000000000001,320.55,-791.594375,241.13000000000002,-680.005625,241.13000000000002,-680.005625,319.97,-791.594375,319.97
Y,QL-R4,L10-02-5,LEF-6-7,-792.3000000000001,320.70000000000005,-679.3000000000001,320.70000000000005,-679.3000000000001,400.70000000000005,-792.3000000000001,400.70000000000005,-791.594375,321.28000000000003,-680.005625,321.28000000000003,-680.005625,400.12,-791.594375,400.12
Y,QL-R4,L10-02-4,LEF-6-7,-792.3000000000001,400.85,-679.3000000000001,400.85,-679.3000000000001,480.85,-792.3000000000001,480.85,-791.594375,401.43,-680.005625,401.43,-680.005625,480.27,-791.594375,480.27
Y,QL-R4,L10-02-3,LEF-6-7,-792.3000000000001,481.00000000000006,-679.3000000000001,481.00000000000006,-679.3000000000001,561.0,-792.3000000000001,561.0,-791.594375,481.58000000000004,-680.005625,481.58000000000004,-680.005625,560.4200000000001,-791.594375,560.4200000000001
Y,QL-R4,L10-02-2,LEF-6-7,-792.3000000000001,561.1500000000001,-679.3000000000001,561.1500000000001,-679.3000000000001,641.1500000000001,-792.3000000000001,641.1500000000001,-791.594375,561.7300000000001,-680.005625,561.7300000000001,-680.005625,640.5700000000002,-791.594375,640.5700000000002
Y,QL-R4,L10-02-1,LEF-6-7,-792.3000000000001,641.3000000000001,-679.3000000000001,641.3000000000001,-679.3000000000001,721.3000000000001,-792.3000000000001,721.3000000000001,-791.594375,641.8800000000001,-680.005625,641.8800000000001,-680.005625,720.7200000000001,-791.594375,720.7200000000001
Y,QL-R4,L10-02-0,LEF-6-7,-792.3000000000001,721.45,-679.3000000000001,721.45,-679.3000000000001,801.45,-792.3000000000001,801.45,-791.594375,722.0300000000001,-680.005625,722.0300000000001,-680.005625,800.8700000000001,-791.594375,800.8700000000001
Y,QL-R4,L08-17-7,LEF-6-8,-905.5,0.1,-792.5,0.1,-792.5,80.1,-905.5,80.1,-904.794375,0.6799999999999999,-793.2056249999999,0.6799999999999999,-793.2056249999999,79.52000000000001,-904.794375,79.52000000000001
Y,QL-R4,L08-17-6,LEF-6-8,-905.5,80.25,-792.5,80.25,-792.5,160.25,-905.5,160.25,-904.794375,80.83,-793.2056249999999,80.83,-793.2056249999999,159.67000000000002,-904.794375,159.67000000000002
Y,QL-R4,L08-17-5,LEF-6-8,-905.5,160.4,-792.5,160.4,-792.5,240.4,-905.5,240.4,-904.794375,160.98000000000002,-793.2056249999999,160.98000000000002,-793.2056249999999,239.82000000000002,-904.794375,239.82000000000002
Y,QL-R4,L08-17-4,LEF-6-8,-905.5,240.55,-792.5,240.55,-792.5,320.55,-905.5,320.55,-904.794375,241.13000000000002,-793.2056249999999,241.13000000000002,-793.2056249999999,319.97,-904.794375,319.97
Y,QL-R4,L08-17-3,LEF-6-8,-905.5,320.70000000000005,-792.5,320.70000000000005,-792.5,400.70000000000005,-905.5,400.70000000000005,-904.794375,321.28000000000003,-793.2056249999999,321.28000000000003,-793.2056249999999,400.12,-904.794375,400.12
Y,QL-R4,L08-17-2,LEF-6-8,-905.5,400.85,-792.5,400.85,-792.5,480.85,-905.5,480.85,-904.794375,401.43,-793.2056249999999,401.43,-793.2056249999999,480.27,-904.794375,480.27
Y,QL-R4,L08-17-1,LEF-6-8,-905.5,481.00000000000006,-792.5,481.00000000000006,-792.5,561.0,-905.5,561.0,-904.794375,481.58000000000004,-793.2056249999999,481.58000000000004,-793.2056249999999,560.4200000000001,-904.794375,560.4200000000001
Y,QL-R4,L08-17-0,LEF-6-8,-905.5,561.1500000000001,-792.5,561.1500000000001,-792.5,641.1500000000001,-905.5,641.1500000000001,-904.794375,561.7300000000001,-793.2056249999999,561.7300000000001,-793.2056249999999,640.5700000000002,-904.794375,640.5700000000002
Y,QL-R4,L08-14-7,LEF-6-9,-1018.7,0.1,-905.7,0.1,-905.7,80.1,-1018.7,80.1,-1017.994375,0.6799999999999999,-906.405625,0.6799999999999999,-906.405625,79.52000000000001,-1017.994375,79.52000000000001
Y,QL-R4,L08-14-6,LEF-6-9,-1018.7,80.25,-905.7,80.25,-905.7,160.25,-1018.7,160.25,-1017.994375,80.83,-906.405625,80.83,-906.405625,159.67000000000002,-1017.994375,159.67000000000002
Y,QL-R4,L08-14-5,LEF-6-9,-1018.7,160.4,-905.7,160.4,-905.7,240.4,-1018.7,240.4,-1017.994375,160.98000000000002,-906.405625,160.98000000000002,-906.405625,239.82000000000002,-1017.994375,239.82000000000002
Y,QL-R4,L08-14-4,LEF-6-9,-1018.7,240.55,-905.7,240.55,-905.7,320.55,-1018.7,320.55,-1017.994375,241.13000000000002,-906.405625,241.13000000000002,-906.405625,319.97,-1017.994375,319.97
Y,QL-R4,L08-14-3,LEF-6-9,-1018.7,320.70000000000005,-905.7,320.70000000000005,-905.7,400.70000000000005,-1018.7,400.70000000000005,-1017.994375,321.28000000000003,-906.405625,321.28000000000003,-906.405625,400.12,-1017.994375,400.12
Y,QL-R4,L08-14-2,LEF-6-9,-1018.7,400.85,-905.7,400.85,-905.7,480.85,-1018.7,480.85,-1017.994375,401.43,-906.405625,401.43,-906.405625,480.27,-1017.994375,480.27
Y,QL-R4,L08-14-1,LEF-6-9,-1018.7,481.00000000000006,-905.7,481.00000000000006,-905.7,561.0,-1018.7,561.0,-1017.994375,481.58000000000004,-906.405625,481.58000000000004,-906.405625,560.4200000000001,-1017.994375,560.4200000000001
Y,QL-R4,L08-14-0,LEF-6-9,-1018.7,561.1500000000001,-905.7,561.1500000000001,-905.7,641.1500000000001,-1018.7,641.1500000000001,-1017.994375,561.7300000000001,-906.405625,561.7300000000001,-906.405625,640.5700000000002,-1017.994375,640.5700000000002
Y,QL-L4,L12-33-11,LEF-8-1,0.1,5.1,113.1,5.1,113.1,85.1,0.1,85.1,0.8056249999999999,5.68,112.39437500000001,5.68,112.39437500000001,84.52000000000001,0.8056249999999999,84.52000000000001
Y,QL-L4,L12-33-10,LEF-8-1,0.1,85.25,113.1,85.25,113.1,165.25,0.1,165.25,0.8056249999999999,85.83,112.39437500000001,85.83,112.39437500000001,164.67000000000002,0.8056249999999999,164.67000000000002
Y,QL-L4,L12-33-9,LEF-8-1,0.1,165.4,113.1,165.4,113.1,245.4,0.1,245.4,0.8056249999999999,165.98000000000002,112.39437500000001,165.98000000000002,112.39437500000001,244.82000000000002,0.8056249999999999,244.82000000000002
Y,QL-L4,L12-33-8,LEF-8-1,0.1,245.55,113.1,245.55,113.1,325.55,0.1,325.55,0.8056249999999999,246.13000000000002,112.39437500000001,246.13000000000002,112.39437500000001,324.97,0.8056249999999999,324.97
Y,QL-L4,L12-33-7,LEF-8-1,0.1,325.70000000000005,113.1,325.70000000000005,113.1,405.70000000000005,0.1,405.70000000000005,0.8056249999999999,326.28000000000003,112.39437500000001,326.28000000000003,112.39437500000001,405.12,0.8056249999999999,405.12
Y,QL-L4,L12-33-6,LEF-8-1,0.1,405.85,113.1,405.85,113.1,485.85,0.1,485.85,0.8056249999999999,406.43,112.39437500000001,406.43,112.39437500000001,485.27,0.8056249999999999,485.27
Y,QL-L4,L12-33-5,LEF-8-1,0.1,486.00000000000006,113.1,486.00000000000006,113.1,566.0,0.1,566.0,0.8056249999999999,486.58000000000004,112.39437500000001,486.58000000000004,112.39437500000001,565.4200000000001,0.8056249999999999,565.4200000000001
Y,QL-L4,L12-33-4,LEF-8-1,0.1,566.1500000000001,113.1,566.1500000000001,113.1,646.1500000000001,0.1,646.1500000000001,0.8056249999999999,566.7300000000001,112.39437500000001,566.7300000000001,112.39437500000001,645.5700000000002,0.8056249999999999,645.5700000000002
Y,QL-L4,L12-33-3,LEF-8-1,0.1,646.3000000000001,113.1,646.3000000000001,113.1,726.3000000000001,0.1,726.3000000000001,0.8056249999999999,646.8800000000001,112.39437500000001,646.8800000000001,112.39437500000001,725.7200000000001,0.8056249999999999,725.7200000000001
Y,QL-L4,L12-33-2,LEF-8-1,0.1,726.45,113.1,726.45,113.1,806.45,0.1,806.45,0.8056249999999999,727.0300000000001,112.39437500000001,727.0300000000001,112.39437500000001,805.8700000000001,0.8056249999999999,805.8700000000001
Y,QL-L4,L12-33-1,LEF-8-1,0.1,806.6,113.1,806.6,113.1,886.6,0.1,886.6,0.8056249999999999,807.1800000000001,112.39437500000001,807.1800000000001,112.39437500000001,886.0200000000001,0.8056249999999999,886.0200000000001
Y,QL-L4,L12-33-0,LEF-8-1,0.1,886.7500000000001,113.1,886.7500000000001,113.1,966.7500000000001,0.1,966.7500000000001,0.8056249999999999,887.3300000000002,112.39437500000001,887.3300000000002,112.39437500000001,966.1700000000002,0.8056249999999999,966.1700000000002
Y,QL-L4,L12-12-11,LEF-8-2,113.3,0.1,226.3,0.1,226.3,80.1,113.3,80.1,114.005625,0.6799999999999999,225.594375,0.6799999999999999,225.594375,79.52000000000001,114.005625,79.52000000000001
Y,QL-L4,L12-12-10,LEF-8-2,113.3,80.25,226.3,80.25,226.3,160.25,113.3,160.25,114.005625,80.83,225.594375,80.83,225.594375,159.67000000000002,114.005625,159.67000000000002
Y,QL-L4,L12-12-9,LEF-8-2,113.3,160.4,226.3,160.4,226.3,240.4,113.3,240.4,114.005625,160.98000000000002,225.594375,160.98000000000002,225.594375,239.82000000000002,114.005625,239.82000000000002
Y,QL-L4,L12-12-8,LEF-8-2,113.3,240.55,226.3,240.55,226.3,320.55,113.3,320.55,114.005625,241.13000000000002,225.594375,241.13000000000002,225.594375,319.97,114.005625,319.97
Y,QL-L4,L12-12-7,LEF-8-2,113.3,320.70000000000005,226.3,320.70000000000005,226.3,400.70000000000005,113.3,400.70000000000005,114.005625,321.28000000000003,225.594375,321.28000000000003,225.594375,400.12,114.005625,400.12
Y,QL-L4,L12-12-6,LEF-8-2,113.3,400.85,226.3,400.85,226.3,480.85,113.3,480.85,114.005625,401.43,225.594375,401.43,225.594375,480.27,114.005625,480.27
Y,QL-L4,L12-12-5,LEF-8-2,113.3,481.00000000000006,226.3,481.00000000000006,226.3,561.0,113.3,561.0,114.005625,481.58000000000004,225.594375,481.58000000000004,225.594375,560.4200000000001,114.005625,560.4200000000001
Y,QL-L4,L12-12-4,LEF-8-2,113.3,561.1500000000001,226.3,561.1500000000001,226.3,641.1500000000001,113.3,641.1500000000001,114.005625,561.7300000000001,225.594375,561.7300000000001,225.594375,640.5700000000002,114.005625,640.5700000000002
Y,QL-L4,L12-12-3,LEF-8-2,113.3,641.3000000000001,226.3,641.3000000000001,226.3,721.3000000000001,113.3,721.3000000000001,114.005625,641.8800000000001,225.594375,641.8800000000001,225.594375,720.7200000000001,114.005625,720.7200000000001
Y,QL-L4,L12-12-2,LEF-8-2,113.3,721.45,226.3,721.45,226.3,801.45,113.3,801.45,114.005625,722.0300000000001,225.594375,722.0300000000001,225.594375,800.8700000000001,114.005625,800.8700000000001
Y,QL-L4,L12-12-1,LEF-8-2,113.3,801.6,226.3,801.6,226.3,881.6,113.3,881.6,114.005625,802.1800000000001,225.594375,802.1800000000001,225.594375,881.0200000000001,114.005625,881.0200000000001
Y,QL-L4,L12-12-0,LEF-8-2,113.3,881.7500000000001,226.3,881.7500000000001,226.3,961.7500000000001,113.3,961.7500000000001,114.005625,882.3300000000002,225.594375,882.3300000000002,225.594375,961.1700000000002,114.005625,961.1700000000002
Y,QL-L4,L12-31-11,LEF-8-3,226.5,0.1,339.5,0.1,339.5,80.1,226.5,80.1,227.205625,0.6799999999999999,338.794375,0.6799999999999999,338.794375,79.52000000000001,227.205625,79.52000000000001
Y,QL-L4,L12-31-10,LEF-8-3,226.5,80.25,339.5,80.25,339.5,160.25,226.5,160.25,227.205625,80.83,338.794375,80.83,338.794375,159.67000000000002,227.205625,159.67000000000002
Y,QL-L4,L12-31-9,LEF-8-3,226.5,160.4,339.5,160.4,339.5,240.4,226.5,240.4,227.205625,160.98000000000002,338.794375,160.98000000000002,338.794375,239.82000000000002,227.205625,239.82000000000002
Y,QL-L4,L12-31-8,LEF-8-3,226.5,240.55,339.5,240.55,339.5,320.55,226.5,320.55,227.205625,241.13000000000002,338.794375,241.13000000000002,338.794375,319.97,227.205625,319.97
Y,QL-L4,L12-31-7,LEF-8-3,226.5,320.70000000000005,339.5,320.70000000000005,339.5,400.70000000000005,226.5,400.70000000000005,227.205625,321.28000000000003,338.794375,321.28000000000003,338.794375,400.12,227.205625,400.12
Y,QL-L4,L12-31-6,LEF-8-3,226.5,400.85,339.5,400.85,339.5,480.85,226.5,480.85,227.205625,401.43,338.794375,401.43,338.794375,480.27,227.205625,480.27
Y,QL-L4,L12-31-5,LEF-8-3,226.5,481.00000000000006,339.5,481.00000000000006,339.5,561.0,226.5,561.0,227.205625,481.58000000000004,338.794375,481.58000000000004,338.794375,560.4200000000001,227.205625,560.4200000000001
Y,QL-L4,L12-31-4,LEF-8-3,226.5,561.1500000000001,339.5,561.1500000000001,339.5,641.1500000000001,226.5,641.1500000000001,227.205625,561.7300000000001,338.794375,561.7300000000001,338.794375,640.5700000000002,227.205625,640.5700000000002
Y,QL-L4,L12-31-3,LEF-8-3,226.5,641.3000000000001,339.5,641.3000000000001,339.5,721.3000000000001,226.5,721.3000000000001,227.205625,641.8800000000001,338.794375,641.8800000000001,338.794375,720.7200000000001,227.205625,720.7200000000001
Y,QL-L4,L12-31-2,LEF-8-3,226.5,721.45,339.5,721.45,339.5,801.45,226.5,801.45,227.205625,722.0300000000001,338.794375,722.0300000000001,338.794375,800.8700000000001,227.205625,800.8700000000001
Y,QL-L4,L12-31-1,LEF-8-3,226.5,801.6,339.5,801.6,339.5,881.6,226.5,881.6,227.205625,802.1800000000001,338.794375,802.1800000000001,338.794375,881.0200000000001,227.205625,881.0200000000001
Y,QL-L4,L12-31-0,LEF-8-3,226.5,881.7500000000001,339.5,881.7500000000001,339.5,961.7500000000001,226.5,961.7500000000001,227.205625,882.3300000000002,338.794375,882.3300000000002,338.794375,961.1700000000002,227.205625,961.1700000000002
Y,QL-L4,L12-15-11,LEF-8-4,339.70000000000005,0.1,452.70000000000005,0.1,452.70000000000005,80.1,339.70000000000005,80.1,340.40562500000004,0.6799999999999999,451.99437500000005,0.6799999999999999,451.99437500000005,79.52000000000001,340.40562500000004,79.52000000000001
Y,QL-L4,L12-15-10,LEF-8-4,339.70000000000005,80.25,452.70000000000005,80.25,452.70000000000005,160.25,339.70000000000005,160.25,340.40562500000004,80.83,451.99437500000005,80.83,451.99437500000005,159.67000000000002,340.40562500000004,159.67000000000002
Y,QL-L4,L12-15-9,LEF-8-4,339.70000000000005,160.4,452.70000000000005,160.4,452.70000000000005,240.4,339.70000000000005,240.4,340.40562500000004,160.98000000000002,451.99437500000005,160.98000000000002,451.99437500000005,239.82000000000002,340.40562500000004,239.82000000000002
Y,QL-L4,L12-15-8,LEF-8-4,339.70000000000005,240.55,452.70000000000005,240.55,452.70000000000005,320.55,339.70000000000005,320.55,340.40562500000004,241.13000000000002,451.99437500000005,241.13000000000002,451.99437500000005,319.97,340.40562500000004,319.97
Y,QL-L4,L12-15-7,LEF-8-4,339.70000000000005,320.70000000000005,452.70000000000005,320.70000000000005,452.70000000000005,400.70000000000005,339.70000000000005,400.70000000000005,340.40562500000004,321.28000000000003,451.99437500000005,321.28000000000003,451.99437500000005,400.12,340.40562500000004,400.12
Y,QL-L4,L12-15-6,LEF-8-4,339.70000000000005,400.85,452.70000000000005,400.85,452.70000000000005,480.85,339.70000000000005,480.85,340.40562500000004,401.43,451.99437500000005,401.43,451.99437500000005,480.27,340.40562500000004,480.27
Y,QL-L4,L12-15-5,LEF-8-4,339.70000000000005,481.00000000000006,452.70000000000005,481.00000000000006,452.70000000000005,561.0,339.70000000000005,561.0,340.40562500000004,481.58000000000004,451.99437500000005,481.58000000000004,451.99437500000005,560.4200000000001,340.40562500000004,560.4200000000001
Y,QL-L4,L12-15-4,LEF-8-4,339.70000000000005,561.1500000000001,452.70000000000005,561.1500000000001,452.70000000000005,641.1500000000001,339.70000000000005,641.1500000000001,340.40562500000004,561.7300000000001,451.99437500000005,561.7300000000001,451.99437500000005,640.5700000000002,340.40562500000004,640.5700000000002
Y,QL-L4,L12-15-3,LEF-8-4,339.70000000000005,641.3000000000001,452.70000000000005,641.3000000000001,452.70000000000005,721.3000000000001,339.70000000000005,721.3000000000001,340.40562500000004,641.8800000000001,451.99437500000005,641.8800000000001,451.99437500000005,720.7200000000001,340.40562500000004,720.7200000000001
Y,QL-L4,L12-15-2,LEF-8-4,339.70000000000005,721.45,452.70000000000005,721.45,452.70000000000005,801.45,339.70000000000005,801.45,340.40562500000004,722.0300000000001,451.99437500000005,722.0300000000001,451.99437500000005,800.8700000000001,340.40562500000004,800.8700000000001
Y,QL-L4,L12-15-1,LEF-8-4,339.70000000000005,801.6,452.70000000000005,801.6,452.70000000000005,881.6,339.70000000000005,881.6,340.40562500000004,802.1800000000001,451.99437500000005,802.1800000000001,451.99437500000005,881.0200000000001,340.40562500000004,881.0200000000001
Y,QL-L4,L12-15-0,LEF-8-4,339.70000000000005,881.7500000000001,452.70000000000005,881.7500000000001,452.70000000000005,961.7500000000001,339.70000000000005,961.7500000000001,340.40562500000004,882.3300000000002,451.99437500000005,882.3300000000002,451.99437500000005,961.1700000000002,340.40562500000004,961.1700000000002
Y,QL-L4,L12-17-11,LEF-8-5,452.90000000000003,0.1,565.9000000000001,0.1,565.9000000000001,80.1,452.90000000000003,80.1,453.60562500000003,0.6799999999999999,565.194375,0.6799999999999999,565.194375,79.52000000000001,453.60562500000003,79.52000000000001
Y,QL-L4,L12-17-10,LEF-8-5,452.90000000000003,80.25,565.9000000000001,80.25,565.9000000000001,160.25,452.90000000000003,160.25,453.60562500000003,80.83,565.194375,80.83,565.194375,159.67000000000002,453.60562500000003,159.67000000000002
Y,QL-L4,L12-17-9,LEF-8-5,452.90000000000003,160.4,565.9000000000001,160.4,565.9000000000001,240.4,452.90000000000003,240.4,453.60562500000003,160.98000000000002,565.194375,160.98000000000002,565.194375,239.82000000000002,453.60562500000003,239.82000000000002
Y,QL-L4,L12-17-8,LEF-8-5,452.90000000000003,240.55,565.9000000000001,240.55,565.9000000000001,320.55,452.90000000000003,320.55,453.60562500000003,241.13000000000002,565.194375,241.13000000000002,565.194375,319.97,453.60562500000003,319.97
Y,QL-L4,L12-17-7,LEF-8-5,452.90000000000003,320.70000000000005,565.9000000000001,320.70000000000005,565.9000000000001,400.70000000000005,452.90000000000003,400.70000000000005,453.60562500000003,321.28000000000003,565.194375,321.28000000000003,565.194375,400.12,453.60562500000003,400.12
Y,QL-L4,L12-17-6,LEF-8-5,452.90000000000003,400.85,565.9000000000001,400.85,565.9000000000001,480.85,452.90000000000003,480.85,453.60562500000003,401.43,565.194375,401.43,565.194375,480.27,453.60562500000003,480.27
Y,QL-L4,L12-17-5,LEF-8-5,452.90000000000003,481.00000000000006,565.9000000000001,481.00000000000006,565.9000000000001,561.0,452.90000000000003,561.0,453.60562500000003,481.58000000000004,565.194375,481.58000000000004,565.194375,560.4200000000001,453.60562500000003,560.4200000000001
Y,QL-L4,L12-17-4,LEF-8-5,452.90000000000003,561.1500000000001,565.9000000000001,561.1500000000001,565.9000000000001,641.1500000000001,452.90000000000003,641.1500000000001,453.60562500000003,561.7300000000001,565.194375,561.7300000000001,565.194375,640.5700000000002,453.60562500000003,640.5700000000002
Y,QL-L4,L12-17-3,LEF-8-5,452.90000000000003,641.3000000000001,565.9000000000001,641.3000000000001,565.9000000000001,721.3000000000001,452.90000000000003,721.3000000000001,453.60562500000003,641.8800000000001,565.194375,641.8800000000001,565.194375,720.7200000000001,453.60562500000003,720.7200000000001
Y,QL-L4,L12-17-2,LEF-8-5,452.90000000000003,721.45,565.9000000000001,721.45,565.9000000000001,801.45,452.90000000000003,801.45,453.60562500000003,722.0300000000001,565.194375,722.0300000000001,565.194375,800.8700000000001,453.60562500000003,800.8700000000001
Y,QL-L4,L12-17-1,LEF-8-5,452.90000000000003,801.6,565.9000000000001,801.6,565.9000000000001,881.6,452.90000000000003,881.6,453.60562500000003,802.1800000000001,565.194375,802.1800000000001,565.194375,881.0200000000001,453.60562500000003,881.0200000000001
Y,QL-L4,L12-17-0,LEF-8-5,452.90000000000003,881.7500000000001,565.9000000000001,881.7500000000001,565.9000000000001,961.7500000000001,452.90000000000003,961.7500000000001,453.60562500000003,882.3300000000002,565.194375,882.3300000000002,565.194375,961.1700000000002,453.60562500000003,961.1700000000002
Y,QL-L4,L10-12-9,LEF-8-6,566.1,0.1,679.1,0.1,679.1,80.1,566.1,80.1,566.8056250000001,0.6799999999999999,678.3943750000001,0.6799999999999999,678.3943750000001,79.52000000000001,566.8056250000001,79.52000000000001
Y,QL-L4,L10-12-8,LEF-8-6,566.1,80.25,679.1,80.25,679.1,160.25,566.1,160.25,566.8056250000001,80.83,678.3943750000001,80.83,678.3943750000001,159.67000000000002,566.8056250000001,159.67000000000002
Y,QL-L4,L10-12-7,LEF-8-6,566.1,160.4,679.1,160.4,679.1,240.4,566.1,240.4,566.8056250000001,160.98000000000002,678.3943750000001,160.98000000000002,678.3943750000001,239.82000000000002,566.8056250000001,239.82000000000002
Y,QL-L4,L10-12-6,LEF-8-6,566.1,240.55,679.1,240.55,679.1,320.55,566.1,320.55,566.8056250000001,241.13000000000002,678.3943750000001,241.13000000000002,678.3943750000001,319.97,566.8056250000001,319.97
Y,QL-L4,L10-12-5,LEF-8-6,566.1,320.70000000000005,679.1,320.70000000000005,679.1,400.70000000000005,566.1,400.70000000000005,566.8056250000001,321.28000000000003,678.3943750000001,321.28000000000003,678.3943750000001,400.12,566.8056250000001,400.12
Y,QL-L4,L10-12-4,LEF-8-6,566.1,400.85,679.1,400.85,679.1,480.85,566.1,480.85,566.8056250000001,401.43,678.3943750000001,401.43,678.3943750000001,480.27,566.8056250000001,480.27
Y,QL-L4,L10-12-3,LEF-8-6,566.1,481.00000000000006,679.1,481.00000000000006,679.1,561.0,566.1,561.0,566.8056250000001,481.58000000000004,678.3943750000001,481.58000000000004,678.3943750000001,560.4200000000001,566.8056250000001,560.4200000000001
Y,QL-L4,L10-12-2,LEF-8-6,566.1,561.1500000000001,679.1,561.1500000000001,679.1,641.1500000000001,566.1,641.1500000000001,566.8056250000001,561.7300000000001,678.3943750000001,561.7300000000001,678.3943750000001,640.5700000000002,566.8056250000001,640.5700000000002
Y,QL-L4,L10-12-1,LEF-8-6,566.1,641.3000000000001,679.1,641.3000000000001,679.1,721.3000000000001,566.1,721.3000000000001,566.8056250000001,641.8800000000001,678.3943750000001,641.8800000000001,678.3943750000001,720.7200000000001,566.8056250000001,720.7200000000001
Y,QL-L4,L10-12-0,LEF-8-6,566.1,721.45,679.1,721.45,679.1,801.45,566.1,801.45,566.8056250000001,722.0300000000001,678.3943750000001,722.0300000000001,678.3943750000001,800.8700000000001,566.8056250000001,800.8700000000001
Y,QL-L4,L10-04-9,LEF-8-7,679.3000000000001,0.1,792.3000000000001,0.1,792.3000000000001,80.1,679.3000000000001,80.1,680.0056250000001,0.6799999999999999,791.5943750000001,0.6799999999999999,791.5943750000001,79.52000000000001,680.0056250000001,79.52000000000001
Y,QL-L4,L10-04-8,LEF-8-7,679.3000000000001,80.25,792.3000000000001,80.25,792.3000000000001,160.25,679.3000000000001,160.25,680.0056250000001,80.83,791.5943750000001,80.83,791.5943750000001,159.67000000000002,680.0056250000001,159.67000000000002
Y,QL-L4,L10-04-7,LEF-8-7,679.3000000000001,160.4,792.3000000000001,160.4,792.3000000000001,240.4,679.3000000000001,240.4,680.0056250000001,160.98000000000002,791.5943750000001,160.98000000000002,791.5943750000001,239.82000000000002,680.0056250000001,239.82000000000002
Y,QL-L4,L10-04-6,LEF-8-7,679.3000000000001,240.55,792.3000000000001,240.55,792.3000000000001,320.55,679.3000000000001,320.55,680.0056250000001,241.13000000000002,791.5943750000001,241.13000000000002,791.5943750000001,319.97,680.0056250000001,319.97
Y,QL-L4,L10-04-5,LEF-8-7,679.3000000000001,320.70000000000005,792.3000000000001,320.70000000000005,792.3000000000001,400.70000000000005,679.3000000000001,400.70000000000005,680.0056250000001,321.28000000000003,791.5943750000001,321.28000000000003,791.5943750000001,400.12,680.0056250000001,400.12
Y,QL-L4,L10-04-4,LEF-8-7,679.3000000000001,400.85,792.3000000000001,400.85,792.3000000000001,480.85,679.3000000000001,480.85,680.0056250000001,401.43,791.5943750000001,401.43,791.5943750000001,480.27,680.0056250000001,480.27
Y,QL-L4,L10-04-3,LEF-8-7,679.3000000000001,481.00000000000006,792.3000000000001,481.00000000000006,792.3000000000001,561.0,679.3000000000001,561.0,680.0056250000001,481.58000000000004,791.5943750000001,481.58000000000004,791.5943750000001,560.4200000000001,680.0056250000001,560.4200000000001
Y,QL-L4,L10-04-2,LEF-8-7,679.3000000000001,561.1500000000001,792.3000000000001,561.1500000000001,792.3000000000001,641.1500000000001,679.3000000000001,641.1500000000001,680.0056250000001,561.7300000000001,791.5943750000001,561.7300000000001,791.5943750000001,640.5700000000002,680.0056250000001,640.5700000000002
Y,QL-L4,L10-04-1,LEF-8-7,679.3000000000001,641.3000000000001,792.3000000000001,641.3000000000001,792.3000000000001,721.3000000000001,679.3000000000001,721.3000000000001,680.0056250000001,641.8800000000001,791.5943750000001,641.8800000000001,791.5943750000001,720.7200000000001,680.0056250000001,720.7200000000001
Y,QL-L4,L10-04-0,LEF-8-7,679.3000000000001,721.45,792.3000000000001,721.45,792.3000000000001,801.45,679.3000000000001,801.45,680.0056250000001,722.0300000000001,791.5943750000001,722.0300000000001,791.5943750000001,800.8700000000001,680.0056250000001,800.8700000000001
Y,QL-L4,L08-09-7,LEF-8-8,792.5,0.1,905.5,0.1,905.5,80.1,792.5,80.1,793.205625,0.6799999999999999,904.7943750000001,0.6799999999999999,904.7943750000001,79.52000000000001,793.205625,79.52000000000001
Y,QL-L4,L08-09-6,LEF-8-8,792.5,80.25,905.5,80.25,905.5,160.25,792.5,160.25,793.205625,80.83,904.7943750000001,80.83,904.7943750000001,159.67000000000002,793.205625,159.67000000000002
Y,QL-L4,L08-09-5,LEF-8-8,792.5,160.4,905.5,160.4,905.5,240.4,792.5,240.4,793.205625,160.98000000000002,904.7943750000001,160.98000000000002,904.7943750000001,239.82000000000002,793.205625,239.82000000000002
Y,QL-L4,L08-09-4,LEF-8-8,792.5,240.55,905.5,240.55,905.5,320.55,792.5,320.55,793.205625,241.13000000000002,904.7943750000001,241.13000000000002,904.7943750000001,319.97,793.205625,319.97
Y,QL-L4,L08-09-3,LEF-8-8,792.5,320.70000000000005,905.5,320.70000000000005,905.5,400.70000000000005,792.5,400.70000000000005,793.205625,321.28000000000003,904.7943750000001,321.28000000000003,904.7943750000001,400.12,793.205625,400.12
Y,QL-L4,L08-09-2,LEF-8-8,792.5,400.85,905.5,400.85,905.5,480.85,792.5,480.85,793.205625,401.43,904.7943750000001,401.43,904.7943750000001,480.27,793.205625,480.27
Y,QL-L4,L08-09-1,LEF-8-8,792.5,481.00000000000006,905.5,481.00000000000006,905.5,561.0,792.5,561.0,793.205625,481.58000000000004,904.7943750000001,481.58000000000004,904.7943750000001,560.4200000000001,793.205625,560.4200000000001
Y,QL-L4,L08-09-0,LEF-8-8,792.5,561.1500000000001,905.5,561.1500000000001,905.5,641.1500000000001,792.5,641.1500000000001,793.205625,561.7300000000001,904.7943750000001,561.7300000000001,904.7943750000001,640.5700000000002,793.205625,640.5700000000002
Y,QL-L4,L08-16-7,LEF-8-9,905.7,0.1,1018.7,0.1,1018.7,80.1,905.7,80.1,906.4056250000001,0.6799999999999999,1017.9943750000001,0.6799999999999999,1017.9943750000001,79.52000000000001,906.4056250000001,79.52000000000001
Y,QL-L4,L08-16-6,LEF-8-9,905.7,80.25,1018.7,80.25,1018.7,160.25,905.7,160.25,906.4056250000001,80.83,1017.9943750000001,80.83,1017.9943750000001,159.67000000000002,906.4056250000001,159.67000000000002
Y,QL-L4,L08-16-5,LEF-8-9,905.7,160.4,1018.7,160.4,1018.7,240.4,905.7,240.4,906.4056250000001,160.98000000000002,1017.9943750000001,160.98000000000002,1017.9943750000001,239.82000000000002,906.4056250000001,239.82000000000002
Y,QL-L4,L08-16-4,LEF-8-9,905.7,240.55,1018.7,240.55,1018.7,320.55,905.7,320.55,906.4056250000001,241.13000000000002,1017.9943750000001,241.13000000000002,1017.9943750000001,319.97,906.4056250000001,319.97
Y,QL-L4,L08-16-3,LEF-8-9,905.7,320.70000000000005,1018.7,320.70000000000005,1018.7,400.70000000000005,905.7,400.70000000000005,906.4056250000001,321.28000000000003,1017.9943750000001,321.28000000000003,1017.9943750000001,400.12,906.4056250000001,400.12
Y,QL-L4,L08-16-2,LEF-8-9,905.7,400.85,1018.7,400.85,1018.7,480.85,905.7,480.85,906.4056250000001,401.43,1017.9943750000001,401.43,1017.9943750000001,480.27,906.4056250000001,480.27
Y,QL-L4,L08-16-1,LEF-8-9,905.7,481.00000000000006,1018.7,481.00000000000006,1018.7,561.0,905.7,561.0,906.4056250000001,481.58000000000004,1017.9943750000001,481.58000000000004,1017.9943750000001,560.4200000000001,906.4056250000001,560.4200000000001
Y,QL-L4,L08-16-0,LEF-8-9,905.7,561.1500000000001,1018.7,561.1500000000001,1018.7,641.1500000000001,905.7,641.1500000000001,906.4056250000001,561.7300000000001,1017.9943750000001,561.7300000000001,1017.9943750000001,640.5700000000002,906.4056250000001,640.5700000000002
